㞮	deru
㟢	saki
㡡	tobari
一	hitotsu
丁	hinoto
丂	samatagerareru
七	nanatsu
丄	ue
丅	shimo
万	yorozu
丈	take
三	mitsu
上	ue
下	shita
丌	sono
不	sezu
与	ataeru
丏	mienu
丐	kou
丑	ushi
丒	ushi
专	moppara
且	katsu
丕	ookii
世	yo
世界	sekai
丗	yo
丘	oka
丙	hinoe
丞	sukuu
丟	saru
丠	oka
両	futatsu
丢	saru
丣	tori
两	futatsu
並	nami
丨	susumu
丩	matsuwaru
个	ko
丫	hutamata
中	naka
丮	motsu
丯	sanransuru
丰	mimeyoi
丱	agemaki
串	kushi
丳	kushi
丵	kusanomuragari
丶	ten
丸	marui
丹	aka
主	nushi
丼	donburi
丽	uruwashi
举	ageru
丿	motoru
乀	magaru
乁	nagareru
乂	karu
乃	sunawachi
乄	shime
久	hisashii
乆	hisashii
乇	taku
么	eu
之	yuku
乍	tachimachi
乎	yo
乏	toboshii
乑	narabitatsu
乒	hei
乓	hau
乕	tora
乖	modoru
乗	noru
乘	noru
乙	kinoto
乚	kakureru
乜	yabunirami
九	kokonotsu
乞	kou
也	nari
乢	kasa
乣	kyuu
乨	hajimeru
乩	uranau
乪	kuma
乱	midareru
乳	chichi
乴	hineru
乵	susumu
乹	kawaku
乾	kawaku
乿	osameru
亀	kame
亁	ken
亂	midareru
亃	ureru
亄	musaboru
亅	kagi
了	owaru
予	ataeru
争	arasou
亊	koto
事	koto
二	futatsu
亍	tatazumu
于	kokoni
亏	kakeru
云	iu
互	tagai
亓	ki
五	itsutsu
井	i
亖	yo
亗	toshi
亘	motomeru
亙	wataru
些	isasaka
亜	tsugu
亝	sorou
亞	tsugu
亟	sumiyaka
亠	keisan
亡	nai
亢	takaburu
交	majiwaru
亥	i
亦	mata
亨	tatematsuru
享	susumeru
京	miyako
亭	azumaya
亮	akiraka
亯	kyou
亰	miyako
亱	yo
亳	haku
亶	atsui
亷	kado
亸	ta
亹	tsutomeru
人	hito
亼	atsumaru
亾	nai
什	kumi
仁	hito
仂	amari
仃	tei
仄	katamuku
仅	fu
仆	taoreru
仇	ada
仈	hatsu
仉	shou
今	ima
介	tasukeru
仍	yoru
从	shitagau
仏	hotoke
仐	kasa
仔	taeru
仕	tsukaeru
他	hoka
仗	yoru
付	tsukeru
仙	sennin
仚	tobu
仛	otome
仜	kou
仝	onaji
仞	hakaru
仟	kashira
仠	sokonau
仡	isamashii
仢	marukibashi
代	kawaru
令	iitsuke
以	omou
仨	sa
仭	hakaru
仮	kari
仯	saisama
仰	aogu
仱	hokoru
仲	naka
仳	wakareru
仴	gatsu
仵	ataru
件	kudari
价	yoi
任	makaseru
仼	kyou
份	akiraka
仾	hikumeru
仿	samayou
伀	ooyake
企	kuwadateru
伂	hai
伃	utsukushii
伄	chou
伅	ton
伇	eki
伈	osoreru
伉	tagui
伊	kore
伋	kibishii
伌	kurushimu
伍	kumi
伎	waza
伏	fuseru
伐	kiru
休	yasumu
伒	tasukeru
伓	hai
伔	shin
伕	musumemuko
伖	do
众	ooi
优	yuu
伙	hi
会	au
伜	segare
伝	tsutaeru
伡	kuruma
伣	ukagau
伩	makoto
伭	ken
伮	tsutomeru
伯	osa
估	akinau
伱	ji
伲	ji
伳	ogoru
伴	tomonau
伵	sabishii
伶	wazaogi
伷	yotsugi
伸	nobiru
伹	tsutanai
伺	ukagau
伻	tsukau
似	niru
伽	togi
伾	ooisama
伿	okotaru
佀	hiru
佁	orokanasama
佂	osoreawateru
佃	tsukuda
但	tadashi
佇	tatazumu
佈	amaneshi
佉	kyo
佋	tasukeru
佌	chiisai
位	kurai
低	hikui
住	sumu
佐	tasuke
佑	tasukeru
佒	aogu
体	karada
佔	miru
何	nani
佖	tadashii
佗	hoka
佘	sha
余	amaru
佚	nogareru
佛	hotoke
作	tsukuru
佝	semushi
佞	omoneru
佟	tou
你	nanji
佡	karui
佢	kare
佣	you
佩	obidama
佪	samayou
佫	itaru
佬	ookii
佮	awaseru
佯	itsuwaru
佰	osa
佱	nori
佳	yoi
佴	tasuke
併	awaseru
佶	tadashii
佷	motoru
佸	au
佹	kasanaru
佺	sen
佻	karui
佼	utsukushii
佽	suboshikoi
佾	yasui
使	tsukau
侀	naru
侁	yukusama
侂	yoseru
侃	tsuyoi
侄	katai
侅	musebu
來	kuru
侇	hitoshii
侈	ogoru
侉	ogoru
侊	sakan
例	tatoeru
侌	kage
侍	samurai
侎	itsukushimu
侏	mijikai
侐	shizuka
侑	susumeru
侒	yasuraka
侓	kiisama
侔	hitoshii
侕	ji
侖	omou
侗	oroka
侘	hokoru
侙	osoreru
侚	sumiyaka
供	sonaeru
侜	ooikakusu
依	yoru
侞	hitoshii
侟	sen
侠	otokodate
価	atai
侢	bu
侣	tomo
侫	omoneru
侭	kotogotoku
侮	anadoru
侯	mato
侲	warabe
侳	hazukashimeru
侴	chuu
侵	okasu
侶	tomo
侷	takegahikui
侹	otokogi
侺	shin
侻	kanahu
侼	tsuyoi
侽	otoko
侾	ookii
便	tayori
俀	yowai
俁	ookii
係	kakaru
促	unagasu
俄	niwaka
俅	itadaku
俆	yuruyaka
俇	awatadashiisama
俈	koku
俉	mukaeru
俊	sugureru
俋	tagayasu
俌	tasuke
俍	samayou
俎	manaita
俏	niru
俐	kashikoi
俑	itamu
俒	matsutashi
俓	isogu
俔	ukagau
俖	hai
俗	narawashi
俘	toriko
俙	utsutaeru
俚	iyashii
俛	fuseru
俜	tsukau
保	tamotsu
俞	shikari
俟	matsu
俠	otokodate
信	makoto
俢	osameru
俣	mata
俤	omokage
俥	kuruma
俫	rai
修	osameru
俯	fuseru
俰	yawaragu
俱	tomoni
俲	narau
俳	wazaogi
俴	asai
俵	tawara
俶	yoi
俷	yabureru
俸	fuchi
俺	ore
俻	bi
俼	kayu
俽	yorokobu
俾	shimu
俿	katatagai
倀	kuruu
倁	yuku
倂	awaseru
倃	soshiru
倄	motoru
倅	segare
倆	takumi
倇	tanoshimu
倈	rai
倉	kura
倊	kurushimu
個	ko
倌	toneri
倍	somuku
倎	atsui
倏	tachimachi
倐	shuku
們	tomogara
倒	taoreru
倓	yasui
倔	tsuyoi
倕	omoi
倖	saiwai
倗	tasukeru
倘	moshi
候	sourou
倚	yoru
倛	azamuku
倜	sugureru
倝	kagayaku
倞	tsuyoi
借	kariru
倠	minikui
倡	wazaogi
倢	satoi
倣	narau
値	ne
倥	nukaru
倦	tsukareru
倧	sou
倨	ogoru
倩	utsukushii
倪	kiwa
倫	tagui
倬	ookii
倭	shitagau
倮	hadaka
倯	okotaru
倰	okasu
倱	kon
倲	orokanasama
倳	sasu
倴	hon
倵	bu
倶	tomoni
倷	nanji
倹	tsuzumayaka
倻	ya
值	ne
偀	hanabusa
偁	ageru
偂	susumu
偃	fuseru
偄	yowai
偅	kodomo
偆	atsui
假	kari
偈	ikou
偉	erai
偊	kugumarusama
偋	hei
偌	konoyouna
偍	yuruyaka
偎	honoka
偏	katayoru
偐	itsuwaru
偑	fuu
偒	matsusugu
偓	kakaharusama
偕	tomoni
偖	sate
偗	matsusugunasama
偘	kan
偙	sugureru
做	tsukuru
偛	warugashikoi
停	todomaru
偝	suteru
偞	karui
偟	tatazumu
偠	shinayaka
偡	sorotsutesusumu
偢	itsukushimanai
偣	kiyoi
偤	haberu
健	sukoyaka
偦	tooru
偧	haru
偨	sorowanai
偩	yorikatadoru
偪	semaru
偫	matsu
偬	kurushimu
偭	mukau
偮	shuu
偯	nageku
偰	kiyoi
偱	noberu
偲	shinobu
偳	chihisai
側	kawa
偵	ukagau
偶	tagui
偷	nusumu
偸	nusumu
偹	sonaeru
偺	san
偻	rou
偽	itsuwaru
傀	ookii
傁	okina
傂	katatagahi
傃	mukau
傄	sukoyakanasama
傅	mori
傆	kozakashii
傇	ooi
傈	ritsu
傊	masaru
傋	hetsurahanu
傌	nonoshiru
傍	katawara
傎	sakasama
傏	ogoru
傐	kou
傑	sugureru
傒	ayahui
傓	sakan
傔	shitagau
傕	kaku
傖	iyashii
傘	kasa
備	sonaeru
傚	narau
傛	kagamu
傜	huzoroi
傝	tan
傞	sa
傟	motoru
傠	somuku
傡	nami
傢	kagu
傤	sai
傪	yoi
催	moyoosu
傭	yatou
傮	owaru
傯	kurushimu
傰	tomo
傱	hayaisama
傲	ogoru
傳	tsutaeru
傴	kagamu
債	kari
傶	chikai
傷	kizu
傸	warui
傹	tsuyoi
傺	tomaru
傻	sa
傽	odoroku
傾	katamuku
傿	kakeneosuru
僀	kurushimu
僁	koe
僂	kagamu
僃	sonaeru
僄	karui
僅	wazukani
僆	hutago
僇	haji
僈	yurui
僉	mina
僊	yamabito
僋	nobirusama
僌	osameru
働	hataraku
僎	sonaeru
像	katachi
僐	otsukurisuru
僑	takai
僓	narau
僔	atsumaru
僕	boku
僖	yorokobu
僗	rau
僘	hiroi
僙	takedakeshiisama
僚	tomo
僛	ki
僜	agaru
僝	sonaeru
僞	itsuwaru
僟	yokutsutsushimu
僠	han
僢	somuku
僣	ogoru
僤	hayai
僥	negau
僦	kariru
僧	bouzu
僨	taoreru
僩	takedakeshiisama
僪	kuruu
僬	hashiru
僭	ogoru
僮	warabe
僯	hajiru
僰	hoku
僱	yatou
僵	taoreru
僶	tsutomeru
僸	aogu
價	atai
僺	nagaisama
僻	higamu
僼	hou
僽	nonoshiru
僾	honoka
僿	usui
儀	yoi
儁	sugureru
儂	washi
儃	tatazumu
億	oshihakaru
儅	owaru
儆	imashimeru
儇	kashikoi
儈	nakagai
儉	tsuzumayaka
儊	shiburu
儋	ninau
儌	yuku
儍	sa
儎	noseru
儐	susumeru
儑	osatsukanai
儒	yawaraka
儓	kerai
儔	tomogara
儕	tomogara
儖	minikui
儗	nazoraeru
儘	kotogotoku
儙	hiraku
儚	kurai
儛	mau
儜	nayamu
儝	matsu
儞	ji
償	tsugunau
儠	ryou
儡	yabureru
儢	tsutomenaisama
儣	kou
儤	tonoru
儥	iru
儦	sakannasama
儧	atsumeru
儨	tadashii
儩	tsukusu
優	yasashii
儬	shin
儭	itaru
儮	reki
儯	mugai
儰	ochitsukanu
儱	desaagaranai
儲	soe
儳	totonohanu
儴	yoru
儵	hayai
儷	tsureai
儸	sabaku
儹	atsumeru
儺	oniyarai
儻	sugureru
儼	ogosoka
儽	okotaru
儿	hito
兀	takai
允	makoto
兂	kanzashi
元	moto
兄	ani
充	ateru
兆	kizasu
兇	osoreru
先	saki
光	hikari
兊	yorokobu
克	katsu
兌	yorokobu
免	manukareru
兎	usagi
兏	nagai
児	ko
兑	yorokobu
兒	ko
兓	surudoi
兔	usagi
兕	shi
兗	kukuru
兘	hajimeru
党	nakama
兜	kabuto
兟	susumu
兢	osoreru
兤	akarui
入	iru
兦	horobiru
內	uchi
全	mattaku
兩	futatsu
兪	shikari
八	yatsu
公	ooyake
六	mutsu
兮	no
共	tomo
兵	tsuwamono
其	sono
具	sonaeru
典	nori
兹	shigeru
兼	kaneru
兾	koinegau
冀	koinegau
冂	tooi
冃	zukin
冄	ayaui
内	uchi
円	marui
冉	yowai
冊	fumi
冋	enagamae
册	fumi
再	futatabi
冎	wakeru
冏	akiraka
冐	okasu
冑	kabuto
冒	okasu
冓	kamaeru
冔	ku
冕	kanmuri
冖	oou
冗	muda
冘	okotaru
写	utsusu
冝	yoroshii
冞	masumasu
冠	kanmuri
冡	oou
冢	tsuka
冣	tsuma
冤	kagamu
冥	kurai
冦	ada
冨	tomu
冩	utsusu
冪	ooi
冫	koori
冬	fuyu
冭	nameraka
冰	koori
冱	kooru
冲	oki
决	kimeru
冴	kooru
况	iwanya
冶	iru
冷	hieru
冸	tokeru
冹	futsu
冺	horobiru
冼	samui
冽	samui
冾	yawaragu
冿	susumu
凂	bai
凄	samui
凅	kooru
准	nazoraeru
凇	tsurara
凈	hiyayakanasama
凉	suzushii
凊	samui
凋	shibomu
凌	shinogu
凍	kooru
减	heru
凐	in
凑	minato
凒	samui
凓	samuisama
凔	samui
凕	koorusama
凖	hitoshii
凗	sai
凘	shi
凙	tsurara
凛	samui
凜	samui
凝	koru
凞	yawaragu
几	tsukue
凡	subete
凢	subete
凣	subete
凤	hou
凥	oru
処	oru
凧	tako
凨	kaze
凩	kogarashi
凪	nagu
凭	yoru
凮	kaze
凰	ootori
凱	kachidoki
凲	kan
凳	hizakakenotagui
凴	hyou
凵	kannyou
凶	warui
凷	tsuchikure
凸	deru
凹	kubomu
出	deru
函	ireru
凾	ireru
刀	katana
刁	teu
刂	ritsutou
刃	ha
刄	ha
刅	kezushikeru
分	wakeru
切	kiru
刈	karu
刉	tatsu
刊	kezuru
刋	kiru
刌	kiru
刎	kubihaneru
刏	tatsu
刐	saku
刑	nori
划	saosasu
刓	kezuru
刔	eguru
刕	saku
刖	kiru
列	tsuraneru
刘	korosu
刜	utsu
初	hajime
刞	sho
刟	tatsu
删	kezuru
刡	kezuru
刢	saku
判	wakeru
別	wakareru
刦	oiyakasu
刧	obyakasu
刨	kezuru
利	kiku
刪	kezuru
别	wakareru
刬	kezuru
刮	kezuru
到	itaru
刱	hajimeru
刲	sasu
刳	eguru
刴	kiru
刵	mimikiri
制	osaeru
刷	suru
券	warifu
刹	hatabashira
刺	sasu
刻	kizamu
刼	kyou
剁	kiru
剃	soru
剄	kubikiru
剅	saku
剆	utsu
則	nori
剉	kujiku
削	kezuru
剋	katsu
剌	motoru
前	mae
剎	hatabashira
剏	hajimeru
剒	kirimigaku
剔	eguru
剕	ashikiru
剖	waru
剗	kezuru
剘	makoto
剙	kizu
剚	sasu
剛	tsuyoi
剜	kezuru
剝	hagu
剞	kizamu
剟	kezuru
剠	irezumi
剡	surudoi
剢	kiru
剣	tsurugi
剤	soroeru
剥	hagu
剦	oou
剨	kaku
剩	amaru
剪	kiru
剫	wakeru
剬	tatsu
剭	tsumisuru
剮	saku
副	sou
剰	amaru
剱	tsurugi
割	waru
剳	kagi
剴	kiru
創	kizu
剷	kezuru
剸	kiru
剹	kezuru
剺	hagu
剻	fuu
剼	karu
剽	obyakasu
剿	tatsu
劀	kezuru
劁	tatsu
劂	kezuru
劃	wakatsu
劄	sasu
劅	taku
劆	kama
劇	hageshii
劈	saku
劉	korosu
劊	tatsu
劋	tatsu
劌	sokonau
劍	tsurugi
劎	tsurugi
劐	saku
劑	soroeru
劒	tsurugi
劓	hanakiru
劔	tsurugi
劕	warifu
劖	tatsu
劗	herisu
劘	kezuru
劙	toku
劚	kiru
力	chikara
劜	tsuyoi
劝	kan
办	hen
功	isao
加	kuwaeru
劣	otoru
劤	chikari
劥	tsuyoi
劦	niwaka
劧	katai
助	tasukeru
努	tsutomeru
劫	obiyakasu
劬	tsukareru
劭	tsutomeru
劮	midara
劯	tsuyoi
劰	tsutomeru
励	hagemu
劲	kei
劳	rou
労	tsukareru
劵	tsukaru
劶	tsutomeru
劷	susumeru
劸	semaru
効	kiku
劺	susumehagemasu
劻	awateru
劼	tsutsushimu
劽	gaaru
劾	sabaku
势	sei
勀	tsutomeru
勁	tsuyoi
勂	kou
勃	niwakani
勄	satoi
勅	imashimeru
勆	tsutoi
勇	isamashii
勈	isamu
勉	tsutomeru
勌	tsutomeru
勍	tsuyoi
勏	tsutomeru
勐	bau
勑	itawaru
勒	kutsuwa
勓	tsutomeru
勔	tsutomeru
動	ugoku
勖	tsutomeru
勗	tsutomeru
勘	kangaeru
務	tsutomeru
勚	itatsuki
勛	isao
勜	tsutoi
勝	katsu
勞	negirau
募	tsunoru
勠	awaseru
勡	kasumeru
勢	ikioi
勣	isao
勤	tsutomeru
勥	semaru
勦	tsukareru
勧	susumeru
勨	yuruyaka
勩	itatsuki
勪	susumu
勫	sukoyaka
勬	tsutomeru
勯	tan
勰	kanau
勱	tsutomeru
勲	isao
勳	isao
勴	tasukeru
勵	hagemu
勶	hanatsu
勷	hashiru
勸	susumeru
勹	tsutsumu
勺	shaku
勻	sukunai
勼	atsumeru
勽	tsutsumu
勾	nozoku
勿	nashi
匀	sukunai
匁	monme
匂	niou
匃	kou
匄	motomeru
包	tsutsumu
匆	isogashii
匈	mune
匉	hyou
匊	sukuu
匋	yakimono
匌	au
匍	hau
匎	ogoranai
匏	hisago
匐	harabau
匑	uyamau
匒	tou
匓	atsu
匕	saji
化	bakeru
北	kita
匘	nauzuru
匙	saji
匚	hako
匛	hitsugi
匜	hisage
匝	meguru
匞	takumi
匟	kou
匠	takumi
匡	tadasu
匢	kotsu
匣	hako
匤	hako
匥	hako
匧	hako
匨	kura
匩	tadasu
匪	hako
匫	utsuwa
匬	masu
匭	hako
匯	meguru
匰	zushi
匱	hitsu
匲	hako
匳	kushige
匴	san
匵	hitsu
匷	kyo
匸	kakusu
匹	tagui
区	ku
医	iyasu
匼	kobihetsurau
匽	kakusu
匾	usui
匿	kakureru
區	wakeru
十	tou
卂	tobu
千	chi
卄	nijuu
卅	sanjuu
卆	niwaka
升	masu
午	uma
卉	kusa
半	nakaba
卋	yo
卌	yonjuu
卍	manji
卐	manji
卑	hikui
卒	niwaka
卓	sugureru
協	kanau
单	hitoe
南	minami
単	hitoe
卙	atsumaru
博	hiroi
卛	hikiiru
卜	uranau
卝	agemaki
卞	nori
占	shimeru
卡	sahu
卣	saketsubo
卤	sei
卥	sei
卦	urakata
卨	setsu
卩	warifu
卬	nozomu
卭	kyou
卮	sakazuki
卯	u
印	shirushi
危	ayaui
卲	takai
即	tsuku
却	shirizoku
卵	tamago
卷	maku
卸	orosu
卹	ureeru
卺	sakazuki
卻	shirizoku
卼	ayai
卽	tsuku
卾	uwaago
卿	kimi
厀	shitsu
厂	gake
厃	aogu
厄	kurushimu
厇	hiraku
厈	gandare
厉	rei
厊	kuichigau
压	osaeru
厎	to
厏	kuichigau
厒	kahu
厓	gake
厔	sasaerareru
厖	ookii
厗	tei
厘	mise
厙	sha
厚	atsui
厜	shi
厝	to
厞	hi
原	hara
厠	kawaya
厡	gen
厤	osameru
厥	sono
厦	ie
厧	tsuka
厨	kuriya
厩	umaya
厪	koya
厫	kura
厬	ki
厭	akiru
厮	komono
厯	koromi
厰	umaya
厲	to
厳	kibishii
厴	en
厵	minamoto
厶	gozaru
厷	kaina
厸	tonaru
厹	jiu
厺	saru
去	saru
厽	kabe
叀	tsutsushimu
叁	mitsu
参	mairu
參	mairu
叄	mairu
叅	mairu
叆	ai
叇	tai
又	mata
叉	mata
及	oyobu
友	tomo
双	futatsu
反	soru
収	osameru
叏	wakeru
叐	hatsu
叒	shitagau
叓	koto
叔	oji
叕	tsuzuru
取	toru
受	ukeru
变	kawaru
叙	tsuideru
叚	kariru
叛	somuku
叝	kou
叞	i
叟	okina
叠	tatamu
叡	akiraka
叢	kusamura
口	kuchi
古	furui
句	ku
另	wakareru
叧	wakeru
叨	midarini
叩	tataku
只	tada
叫	sakebu
召	mesu
叭	hatsu
叮	tanomu
可	yoi
台	utena
叱	shikaru
史	fubito
右	migi
叵	dekinai
叶	kanau
号	sakebu
司	tsukasadoru
叹	iu
叺	kamasu
叻	roku
叼	kuwaeru
吁	au
吂	oiboreru
吃	domoru
各	onoono
吅	ten
吆	koe
合	au
吉	yoi
吊	tsurusu
吋	inchi
同	onaji
名	na
后	kimi
吏	tsukasa
吐	haku
向	muku
吒	ta
吓	odosu
吔	se
吕	sebone
吘	yawaragu
吙	kuu
吚	umeku
君	kimi
吜	koe
吝	oshimu
吞	nomu
吟	utau
吠	hoeru
吡	soshiru
吢	haku
吣	shin
吤	koe
吥	hou
否	ina
吧	ookuchinosama
吨	ton
吩	fuku
吪	ugoku
含	fukumu
听	warau
吭	nodo
吮	suu
启	hiraku
吰	kou
吱	koenosama
吲	hohoemu
吳	kure
吴	kure
吵	saezuru
吶	domoru
吷	ketsu
吸	suu
吹	fuku
吺	sasayaku
吻	kuchisaki
吼	hoeru
吽	hoeru
吾	ware
吿	tsugeru
呀	a
呁	haku
呂	sebone
呃	naku
呄	koku
呅	bai
呆	oroka
呇	kei
呈	shimesu
呉	kure
告	tsugeru
呋	fu
呌	kyou
呍	hoeru
呎	fiito
呏	garon
呐	domoru
呑	nomu
呞	kamikaesu
呟	tsubuyaku
呠	hon
呡	kuchibata
呢	ji
呣	bou
呤	sasayaki
呥	kamusama
呦	musebu
呧	shikaru
周	mawari
呩	tashinamu
呪	norou
呫	nameru
呬	iki
呭	shaberu
呮	koshikakeru
呯	hei
呰	semeru
呱	ko
呲	shi
味	aji
呴	ikiwokaketeatatameru
呵	shikaru
呶	kamabisushi
呷	suu
呸	hi
呹	itsu
呺	kyou
呻	utau
呼	yobu
命	inochi
呾	shikariau
呿	hiraku
咀	kamu
咁	hukumu
咂	suu
咃	ta
咄	shikaru
咅	tsubaohaiteinamu
咆	hoeru
咇	hetsu
咈	tagau
咉	fusagaru
咊	wa
咋	kuu
和	yawaragu
咍	warahu
咎	toga
咏	utau
咐	iitsukeru
咑	da
咒	norou
咔	rou
咕	butsubutsuiu
咖	ka
咜	shikaru
咟	kaku
咠	sasayaku
咡	kuchimoto
咢	odoroku
咣	kou
咤	shikaru
咥	warau
咦	toiki
咧	retsu
咨	hakaru
咩	bi
咪	meetoru
咫	ta
咬	kamu
咭	koenosama
咮	kuchibashi
咯	haku
咰	nomu
咱	ware
咲	saku
咳	seki
咴	koe
咵	kuu
咶	iki
咷	naku
咸	mina
咹	domoru
咺	osoreru
咻	ku
咼	yokoshima
咽	nodo
咾	koe
咿	tsukuriwarai
哀	aware
品	shina
哂	warau
哃	tou
哄	koe
哅	wameku
哆	ookii
哇	yokoshima
哈	nomu
哉	kana
哊	haku
哋	tetsu
响	hibiiku
哎	gai
哏	kon
哘	sasou
哠	shaberu
員	kazu
哢	saezuru
哤	bou
哥	utau
哦	utau
哧	monomi
哨	mihari
哩	wai
哪	da
哫	kobiru
哬	shikaru
哭	naku
哮	hoeru
哯	haku
哰	hiku
哱	koe
哲	akiraka
哳	tatsu
哶	ba
哷	retsu
哸	sai
哺	fukumu
哻	nemuru
哼	obieru
哽	musebu
哾	nameru
哿	yoi
唀	sasoou
唁	tomurau
唃	koku
唄	uta
唅	hukumu
唆	sosonokasu
唇	kuchibiru
唈	nageku
唉	aa
唊	kyou
唋	haku
唌	nageku
唍	hohoemu
唎	koe
唏	nageku
唐	kara
唑	zei
唒	shuu
唔	go
唕	sawagashii
唖	oshi
唗	kore
唘	kei
唙	teki
唚	shin
唝	kou
唡	ryou
唤	yobu
唧	kakotsu
唪	oogoe
唫	domoru
唬	ka
唭	oroka
售	uru
唯	tada
唰	hanetsukurohu
唱	tonaeru
唲	hetsurau
唳	naku
唴	naku
唵	hukumu
唶	naku
唷	warau
唸	unaru
唹	warau
唻	utau
唼	kurahu
唽	seki
唾	tsuba
唿	ureeru
啀	igamu
啁	tawamureru
啃	shuu
啄	tsuibamu
啅	yakamashii
商	akinau
啇	moto
啈	sawagukoe
啉	kamabisushii
啊	koe
啋	kamabisushii
啌	shikaru
啍	iki
啎	sakarau
問	tou
啐	odoroku
啑	sou
啒	ureeru
啓	hiraku
啔	kei
啕	oshaberi
啖	kuu
啗	kuu
啘	en
啙	yugamu
啚	oshimu
啛	nameru
啜	susuru
啝	shitagau
啞	oshi
啟	hiraku
啠	satoi
啡	ibiki
啢	ryou
啣	kutsuwa
啤	hi
啥	nani
啦	rahu
啮	kajiru
啯	kaku
啴	aegu
啻	tada
啼	naku
啽	ibiki
啾	naku
啿	yutaka
喀	haku
喁	agitou
喂	nageku
喃	nou
善	yoi
喆	tetsu
喇	monoiu
喈	kai
喉	nodo
喊	sakebu
喋	shaberu
喌	shuku
喍	sai
喎	yugamu
喏	hai
喑	oshi
喒	ware
喓	koe
喔	aku
喕	ben
喗	gin
喘	aegu
喙	kuchibashi
喚	yobu
喛	ikidooru
喜	yorokobu
喝	shikaru
喞	kakotsu
喟	tameiki
喡	i
喢	oshiyaberi
喣	iro
喤	nakigoe
喥	shikaru
喦	oshaberi
喧	kamabisushi
喨	hogaraka
喩	satosu
喪	mo
喫	kuu
喬	takai
喭	tomurau
單	hitoe
喰	kuu
喱	ri
喲	yaku
喳	sawagu
喴	i
営	itonamu
喻	satosu
喿	sawagu
嗀	haku
嗁	naku
嗂	yorokobu
嗃	kibishiisama
嗄	kareru
嗅	kagu
嗆	tsuibamu
嗇	oshimu
嗈	you
嗉	so
嗊	kou
嗋	odosu
嗌	nodo
嗍	suhu
嗎	ba
嗏	sa
嗐	katsu
嗑	oshiyaberi
嗒	nameru
嗓	nodo
嗔	ikaru
嗕	awaremu
嗖	shuhu
嗗	atsu
嗘	koe
嗙	utau
嗚	au
嗛	hukumu
嗜	tashinamu
嗝	shakuri
嗞	nageku
嗟	au
嗡	rou
嗢	musebu
嗣	tsugu
嗤	warau
嗥	kou
嗦	sa
嗧	garon
嗨	kai
嗩	sa
嗶	hitsu
嗷	kamabisushi
嗸	gou
嗹	ren
嗺	nageku
嗻	saegiru
嗼	shizuka
嗽	suu
嗾	sosonokasu
嗿	koe
嘀	saku
嘁	nageku
嘂	sakeru
嘄	sakebu
嘅	nageku
嘆	nageku
嘈	kamabisushii
嘉	yomisuru
嘊	igamu
嘌	hayai
嘍	urusaisaama
嘎	katsu
嘏	saiwai
嘐	hau
嘑	sakebu
嘒	kei
嘓	kaku
嘔	utau
嘕	tanoshimu
嘖	sakebu
嘗	nameru
嘘	fuku
嘙	ha
嘚	toku
嘛	ma
嘜	ba
嘞	roku
嘟	to
嘠	nakigoe
嘨	usobuku
嘩	kamabisushi
嘪	bai
嘫	kotaeru
嘬	kamu
嘭	koe
嘮	kamabisushii
嘯	usobuku
嘰	ki
嘱	tanomu
嘲	azakeru
嘳	awaremu
嘴	kuchibashi
嘵	osoreru
嘶	inanaku
嘷	hoeru
嘸	sazo
嘹	reu
嘺	kyou
嘻	imashime
嘼	yashinau
嘽	aegu
嘾	hukumu
嘿	shizuka
噀	son
噁	okoru
噂	uwasa
噃	koe
噄	kitsu
噅	minikui
噆	hukumu
噇	taberu
噈	koe
噉	kurau
噊	ayahui
噋	tataku
噌	kamabisushi
噍	kamu
噎	musebu
噏	suu
噐	utsuwa
噓	fuku
噔	tou
噕	minikui
噗	boku
噘	ketsu
噙	hukumu
噚	eibiro
噛	kajiru
噞	agitou
噟	you
噠	tatsu
噡	urusakushaberu
噢	umeku
噣	kusabashi
噤	tsugumu
噥	sasayaku
噦	shakuri
器	utsuwa
噩	ogosokanasama
噪	sawagu
噫	au
噬	kamu
噭	hoeru
噮	en
噯	iki
噰	mutsubu
噱	kyaku
噲	nodo
噳	gu
噴	fuku
噵	michi
噶	katsu
噷	kin
噸	ton
噹	tou
噺	hanashi
噾	in
噿	sui
嚀	dei
嚁	koe
嚂	musaboru
嚃	susuru
嚄	wameku
嚅	yakamashii
嚆	sakebu
嚇	odosu
嚈	you
嚊	hanaiki
嚋	tare
嚌	nameru
嚍	ikidooru
嚎	kau
嚏	kusame
嚐	nameru
嚔	kushami
嚕	kataru
嚗	haku
嚘	musebu
嚙	kajiru
嚚	warui
嚜	itsuwaru
嚝	sakebu
嚞	tetsu
嚟	ri
嚠	kiyoi
嚢	fukuro
嚥	nomu
嚦	reki
嚧	ro
嚨	nodo
嚩	noroi
嚪	kurau
嚫	hodokosu
嚬	hisomeru
嚭	ookii
嚮	mukau
嚱	koe
嚲	ta
嚳	tsugeru
嚴	kibishii
嚵	susuru
嚶	naku
嚷	wameku
嚻	kamabisushi
嚼	kamu
嚽	setsu
嚾	yobu
囀	saezuru
囁	sasayaku
囂	kamabisushi
囃	hayashi
囅	ten
囆	tai
囈	negoto
囉	koe
囊	fukuro
囋	koe
囌	yokushaberu
囎	so
囏	katashi
囐	koe
囑	tanomu
囓	kamu
囔	dou
囗	kakomu
囘	mawasu
囙	yoru
囚	toraeru
四	yotsu
囜	kashikoi
囝	kodomo
回	mawasu
囟	hiyomeki
因	yoru
囡	juu
团	shuu
団	marui
囤	zaru
囥	kura
囦	huchi
囧	akiraka
囨	hen
囪	tenmado
囫	matsutashi
囬	kai
园	gan
囮	otori
囯	koku
困	komaru
囱	tenmado
囲	kakomu
図	hakaru
囶	kuni
囷	kura
囹	rei
固	katameru
囻	koku
国	kuni
囿	sono
圀	kuni
圁	gin
圂	kawaya
圃	hatake
圄	hitoya
圅	ago
圇	rin
圈	kakoi
圉	hitoya
圊	kawaya
國	kuni
圌	marui
圍	kakomu
圎	marui
圏	kakoi
圑	hatake
園	sono
圓	marui
圔	ou
圕	toshokan
圖	hakaru
圗	hakaru
團	marui
圚	mon
圛	meguriyuku
圜	meguru
圝	marui
圞	ran
土	tsuchi
圠	kasuka
圢	tairaka
圣	tagayasu
圤	tsuchikure
圥	kinoko
圦	iri
圧	osaeru
在	zai
圩	tsutsumi
圪	gitsu
圫	au
圬	kote
圭	tama
圮	yaburu
圯	doburu
地	tsuchi
圳	mizo
圴	ato
圷	akutsu
圸	yama
圻	sakai
圽	umeru
圾	ayaui
圿	aka
址	ato
坁	tomaru
坂	saka
坅	ana
坆	haka
均	totonoeru
坉	husagu
坊	machi
坋	chiri
坌	chiri
坍	tan
坎	ana
坏	oka
坐	suwaru
坑	ana
坒	kijihashi
块	kai
坙	kei
坚	ken
坡	tsutsumi
坢	tahiraka
坤	tsuchi
坥	tsutsumi
坦	taira
坧	dodai
坨	kewashii
坩	tsubo
坪	tsubo
坫	sakai
坬	ka
坭	doro
坮	utena
坯	oka
坰	kei
坱	chiri
坲	futsu
坳	kubomi
坴	riku
坵	oka
坶	boku
坷	ka
坹	ketsu
坺	chirinosama
坻	nakisa
坼	sakeru
坽	rei
坾	cho
坿	tsukeru
垀	kamahe
垁	chi
垂	tareru
垃	ratsu
垈	nuta
垉	hou
型	kata
垌	tsubo
垏	rotsu
垐	nikumu
垓	hate
垔	husagu
垕	aka
垗	hauridokoro
垘	kuzureru
垙	chimata
垚	geu
垛	da
垜	tsumikasareru
垝	yabureru
垞	ta
垟	you
垠	sakai
垡	tagayasu
垢	aka
垣	kaki
垤	arizuka
垥	keu
垧	kei
垨	mamooru
垩	hijiri
垪	ha
垬	nukari
垰	tao
垳	gake
垶	sei
垸	marobu
垹	hou
垺	kuruwa
垻	tsutsumi
垼	eki
垽	ori
垾	kan
垿	sho
埀	tareru
埁	tsuchi
埂	ana
埃	chiri
埄	hou
埆	kisou
埇	okitsuchi
埈	sobadatsu
埋	umeru
埌	tsuka
城	shiro
埏	hakamichi
埐	shin
埒	kakoi
埓	kakoi
埔	ho
埕	bin
埖	gomi
埜	no
埝	shita
埞	tsutsumi
域	sakai
埠	tsuka
埡	sato
埢	kuma
埣	karetsuchi
埤	masu
埥	sei
埦	wan
埧	tsutsumi
埩	tagayasu
埫	shou
埬	tou
埭	seki
埮	tan
埯	ana
埰	tsuka
埱	hajime
埲	chiri
埳	kan
埴	hani
埵	ta
埶	ueru
執	toru
埸	sakahi
培	tsuchikau
基	motoi
埻	mato
埼	sai
埽	haku
埾	shu
埿	nuru
堀	hori
堁	oka
堂	takadono
堃	chi
堄	himegaki
堅	katai
堆	uzutakai
堇	nuru
堈	kame
堉	iku
堊	shirotsuchi
堋	houmuru
堌	tsutsumi
堍	to
堕	kuzusu
堘	shou
堙	fusagu
堛	tsuchikure
堜	ren
堝	rutsubo
堞	himegaki
堟	une
堠	monomi
堡	toride
堣	gu
堤	tsutsumi
堥	kaharake
堦	kai
堧	sunatsuchi
堨	ruseki
堩	michi
堪	taeru
堬	tsuka
堭	sotobori
堮	kishi
堯	takai
堰	seki
報	shiraseru
堲	yakitsuchi
堳	kaki
場	ba
堵	kaki
堶	ku
堷	an
堸	fu
堹	tsutsumi
堺	sakai
堻	uruhohi
堼	kou
堽	kou
堿	kan
塀	kaki
塁	toride
塈	nuru
塉	yasetsuchi
塊	katamari
塋	haka
塌	tou
塍	aze
塎	you
塏	kai
塐	deku
塑	deku
塒	negura
塓	nuru
塔	tera
塕	chiri
塖	shou
塗	nuru
塘	tsutsumi
塙	katai
塚	tsuka
塛	husagaru
塜	hokorigatobu
塝	hau
塞	fusagu
塟	houmuuru
塡	fusagu
塢	toride
塣	tohoru
塤	tsuchibue
塥	kaku
塧	kewashii
塨	kyou
塩	shio
填	fusagu
塰	ama
塲	ba
塴	haumuru
塵	chiri
塶	koku
塸	haka
塹	hori
塺	chiri
塻	chiri
塼	kahara
塽	sau
塾	monbeya
塿	tsuchi
墀	kizahashi
墁	kote
墂	hyou
境	sakai
墄	kida
墅	shimoyashiki
墆	takuhaheru
墇	husegu
墈	sakahi
墉	kaki
墊	ochiiru
墋	tsuchi
墌	dodai
墍	nuru
墎	kuwaku
墏	motoru
墐	nuru
墑	kizahashi
墒	shou
墓	haka
墔	sai
墖	tou
増	masu
墜	ochiru
墝	kou
增	masu
墟	ato
墠	sen
墡	shirotsuchi
墢	hatsu
墣	tsuikure
墥	arizuka
墦	tsuka
墨	sumi
墩	ton
墫	shun
墬	chi
墭	sei
墮	kuzure
墯	da
墱	kida
墲	bo
墳	haka
墸	sho
墹	mama
墺	kishi
墻	kaki
墼	keki
墽	suteru
墾	hiraku
墿	michi
壁	kabe
壂	kasu
壄	no
壅	fusagu
壆	kaku
壇	ba
壈	on
壉	kyo
壊	kowasu
壌	tsuchi
壍	hori
壎	hachi
壏	kan
壐	shi
壑	tani
壒	tsuchikemuri
壓	osaeru
壔	toride
壕	hori
壖	akichi
壗	mama
壘	toride
壙	ana
壚	rurori
壛	chimata
壜	bin
壝	dan
壞	kowasu
壟	une
壠	rou
壡	akiraka
壢	ana
壣	oka
壤	tsuchi
壥	ten
壧	ana
壨	rai
壩	ruseki
士	samurai
壬	mizunoe
壮	sakan
壯	sakan
声	koe
壱	hitotsu
売	uru
壳	kara
壴	tateru
壷	tsubo
壸	heyanotsuro
壹	hitotsu
壺	tsubo
壻	muko
壼	heyanotsuro
壽	kotobuki
壾	bou
壿	mau
夂	okureru
夃	moukeru
夅	ooriru
夆	sakarau
変	kawaru
夊	suinyou
夋	ogoriiru
夌	shinogu
夎	itsuwaru
夏	natsu
夐	haruka
夒	mezaru
夓	natsu
夔	ki
夕	yuu
外	soto
夗	korogariusu
夘	u
夙	tsutoni
多	ooi
夛	oushi
夜	yoru
夝	hareru
夠	atsumaru
夡	ooi
夢	yume
夣	yume
夤	tsutsushimiosoreru
夥	obitada
大	ookii
夨	katamukeru
天	ame
太	futoi
夫	otto
夬	wakeru
夭	wakai
央	nakaba
夯	katsugu
夰	hanatsu
失	ushinau
夲	susumu
夳	tai
夵	susumu
夶	kuraaberu
夷	tairageru
夸	ogoru
夾	hasamu
夿	ookii
奀	yaseru
奃	ookii
奄	oou
奅	munashii
奆	ookii
奇	kushi
奇跡	kiseki
奈	karanashi
奉	tatematsuru
奌	bochi
奎	mata
奏	kanaderu
奐	torikaeru
契	chigiru
奒	tatematsuuru
奓	haru
奔	hashiru
奕	ookii
套	kasaneru
奘	sakan
奙	hon
奚	nanzo
奛	akiraka
奜	ookii
奝	ookii
奞	habataku
奟	kou
奠	matsuru
奡	anadoru
奢	ogoru
奣	akiraka
奥	oku
奧	oku
奨	susumeru
奩	kushige
奪	ubau
奫	izumi
奬	susumeru
奭	sakan
奮	furuu
奯	ookii
奰	semaru
奱	yojiru
奲	ookii
女	onna
奴	yakko
奵	tei
奶	chichi
奷	sen
奸	okasu
她	azaru
奻	iiarasou
奼	otome
好	konomu
奾	sen
奿	gan
妁	nakoudo
如	gotoku
妃	kisaki
妄	midari
妅	kou
妊	haramu
妋	musaborusama
妌	shizuka
妍	utsukushii
妎	netamu
妏	umareru
妐	shou
妒	netamu
妓	wazaogi
妕	azana
妖	namameku
妗	utsukushii
妘	un
妙	wakai
妚	fuu
妛	shi
妝	yosoou
妞	juu
妟	yasuraka
妠	metoru
妡	kin
妢	fun
妣	nakihaha
妤	yo
妥	yasui
妦	mimeyoi
妧	mimeyoisama
妨	samatageru
妬	netamu
妭	mimeyoi
妮	hashitame
妯	aiyome
妰	shizuka
妱	shou
妲	datsu
妳	haha
妴	taoyaka
妵	mimeyoisama
妶	ken
妷	mei
妸	a
妹	imouto
妺	azana
妻	tsuma
妼	hi
妽	shin
妾	mekake
姀	ka
姁	haha
姃	azana
姄	bin
姅	mimosagakizutsuku
姆	kashizuki
姇	yorokobu
姈	azana
姉	ane
姊	ane
始	hajimeru
姌	zen
姍	mimeyoi
姎	watakushi
姏	baba
姐	ane
姑	shuutome
姒	ane
姓	kabane
委	yudaneru
姖	kyo
姗	mimeyoi
姘	hin
姙	haramu
姚	utsukushii
姛	tou
姜	tsuyoi
姝	utsukushii
姞	tsutsushimu
姟	kai
姠	shou
姡	atsukamashii
姢	adeyaka
姣	mimeyoi
姤	au
姥	uba
姦	midara
姧	kashimashii
姨	oba
姩	den
姪	mei
姫	hime
姬	hime
姭	mimeyoisama
姮	kou
姯	mimeyoi
姱	ogorusama
姲	azana
姳	mimeyoi
姴	utsukushii
姵	hai
姶	shizuka
姷	taguu
姸	utsukushii
姹	hokoru
姺	shin
姻	totsugu
姼	taoyame
姽	shitoyakanisusumusama
姾	sen
姿	sugata
娀	shuu
威	odosu
娃	utsukushii
娄	tsunagu
娉	tou
娊	ken
娌	aiyome
娍	suraritoshitemimeyoi
娎	kokochiyoi
娏	bou
娑	mau
娒	uba
娓	sunao
娕	tsutsushimu
娖	tsutsumu
娗	suraritoshitemimeyoi
娘	musume
娙	suraritoshitemimeyoi
娚	meoto
娛	tanoshimu
娜	shinayaka
娞	adeyaka
娟	adeyaka
娠	haramu
娣	imouto
娤	yosoou
娥	mimeyoi
娧	mimeyoi
娨	gouman
娩	umu
娪	onna
娬	kobiru
娭	tahomureru
娮	den
娯	tanoshimu
娰	ane
娵	yome
娶	metoru
娷	tsui
娸	minikui
娹	ken
娼	asobime
娾	yorokobu
娿	sadamaranai
婀	taoyaka
婁	munashii
婂	ben
婃	sou
婄	oroka
婅	azana
婆	baba
婇	uneme
婈	azana
婉	utsukushii
婊	hyou
婌	shuku
婍	mimeyoi
婐	taoyaka
婑	haberu
婒	tan
婓	samayou
婕	mimeyoi
婖	ten
婗	midorigo
婘	mimeyoi
婚	engumi
婛	kei
婜	utsukushii
婝	ten
婞	motoru
婟	koishitau
婠	shinayoi
婢	hashitame
婣	in
婤	mimeyoisama
婥	mimeyoi
婦	yome
婧	ateyakanasama
婩	totonou
婪	musaboru
婬	tawakeru
婭	aimuko
婰	ten
婳	shitoyaka
婷	utsukushii
婸	midara
婺	bu
婻	utsukushii
婼	shaku
婽	mimeyoi
婾	warugashikoi
婿	muko
媃	juu
媄	mimeyoi
媊	sen
媋	utsukushii
媌	mimeyoi
媎	so
媏	tan
媐	tsuma
媒	nakoudo
媓	haha
媔	netamu
媕	en
媖	ei
媗	ken
媙	utsukushii
媚	kobiru
媛	hime
媜	azana
媝	shuu
媞	tsumabiraka
媟	kegasu
媠	mimeyoi
媢	netamu
媤	shi
媥	hen
媦	imouto
媧	kai
媩	ko
媪	ouna
媬	ho
媭	ane
媮	warugashikoi
媰	haramu
媱	mimeyoi
媲	tsureahi
媳	yome
媴	en
媵	okuru
媶	jou
媷	okotaru
媸	anadoru
媹	riu
媺	yoi
媻	ogoru
媼	ouna
媽	haha
媾	yoshimi
媿	hajiru
嫀	shin
嫁	totsugu
嫂	anyome
嫄	gen
嫆	azana
嫇	ozuozutosuru
嫈	mimeyoisama
嫉	netamu
嫊	so
嫋	taoyaka
嫌	kirau
嫍	tau
嫏	rou
嫐	naburu
嫕	shitoyaka
嫖	karui
嫗	ouna
嫘	rui
嫙	mimeyoi
嫚	anadoru
嫛	midorigo
嫜	shiuto
嫝	kau
嫞	shou
嫟	midara
嫠	yamome
嫡	yotsugi
嫢	akiraka
嫣	en
嫥	motsupara
嫦	kou
嫨	ikaru
嫩	wakai
嫪	kohishitahu
嫫	shikome
嫬	sha
嫭	otome
嫮	otome
嫳	okoru
嫴	makaseru
嫵	kobiru
嫶	yatsureru
嫷	mimeyoi
嫸	hazukashimeru
嫹	mimeyoisama
嫺	miyabiyaka
嫻	miyabiyaka
嫽	tawamureru
嫿	shitoyaka
嬀	warugashikoi
嬁	utsukushii
嬂	shoku
嬃	ane
嬅	kuwa
嬇	kuwai
嬈	wazuruwashii
嬉	tanoshimu
嬋	hikitsunaga
嬌	namamekashii
嬍	bi
嬎	han
嬏	han
嬐	subayai
嬓	keu
嬔	fu
嬖	kiniiri
嬗	yurui
嬙	sobame
嬚	ren
嬛	katai
嬝	taoyaka
嬞	tou
嬠	musaboru
嬡	ai
嬢	musume
嬣	karadanosama
嬤	ba
嬥	yoi
嬦	chiu
嬧	shin
嬨	shi
嬪	hime
嬬	yowai
嬭	haha
嬮	mimeyoi
嬯	nibui
嬰	fureru
嬲	naburu
嬴	ei
嬶	kaka
嬷	ba
嬸	shin
嬼	yamome
嬽	mimeyoi
嬾	okotaru
嬿	en
孀	yamome
孁	onnanoazana
孃	musume
孅	kayowai
孇	sawa
孈	orokadeshinaotsukuru
孋	mata
孌	shitau
孍	gen
孎	tsutsushimu
子	ko
孑	hitori
孒	hidarinoudeganai
孔	ana
孕	haramu
孖	hutago
字	aza
存	son
孚	tamago
孛	botsu
孜	tsutomeru
孝	kou
孞	shin
孟	kashira
季	sue
孤	minashigo
孥	tsumako
学	manabu
孨	tsutsushimu
孩	chinomigo
孫	mago
孮	sou
孯	katai
孰	tare
孱	yowai
孲	akago
孳	umu
孵	kaesu
孶	umu
孷	hutago
學	manabu
孺	chinomigo
孻	dai
孼	wakibara
孽	wakibara
孾	midorigo
孿	hutago
宀	yane
宁	takuwaeru
它	hebi
宄	midare
宅	ie
宆	sora
宇	noki
守	mamoru
安	yasui
宊	tsuuku
宋	sumai
完	mattai
宍	shishi
宎	eu
宏	hiroi
宐	miroshii
宑	uchiido
宒	chun
宓	yasuraka
宔	shu
宕	sugiru
宖	yasuraka
宗	mune
官	tsukasa
宙	sora
定	sadameru
宛	atakamo
宜	yoroshii
宝	takara
実	mi
客	maroudo
宣	noru
室	muro
宥	yurusu
宦	tsukaeru
宨	hoshiimama
宩	shi
宫	miya
宬	kura
宭	mureiru
宮	miya
宯	kigaagarinusu
宰	tsukasadoru
宱	hiroi
宲	shimaikomu
害	sokonau
宴	utage
宵	yoi
家	ie
宷	tsumabiraka
宸	noki
容	ireru
宺	hiroi
宻	shigeshi
宼	ada
宿	yadoru
寀	chigyousho
寁	sumiyaka
寂	sabishii
寃	kagamu
寄	yoru
寅	tora
密	shigeshi
寇	adasuru
寉	tsuru
寊	tei
寋	ken
富	tomu
寍	mushiro
寎	obieru
寏	gururitomegurashitakaki
寐	neru
寑	husu
寒	samui
寓	yoru
寔	makotoni
寕	yasui
寖	hitasu
寗	negai
寘	oku
寙	monoui
寚	takara
寛	hiroi
寜	yasui
寝	neru
寞	sabishii
察	shiru
寠	mazushii
寡	yamome
寢	neru
寣	obieru
寤	sameru
寥	sabishii
實	mi
寧	yasui
寨	toride
審	tsumabiraka
寪	i
寫	utsusu
寬	hiroi
寮	tsukasa
寯	atsumeru
寰	kan
寱	negoto
寲	akirakanisuru
寳	takara
寴	shitashii
寵	megumi
寶	takara
寸	hakaru
对	mukau
寺	tera
寽	toru
対	mukau
寿	kotobuki
尀	dekinu
封	sakai
専	moppara
尃	shiku
射	iru
尅	katsu
将	hikiiru
將	hikiiru
專	moppara
尉	osaeru
尊	tattoi
尋	tazuneru
尌	tateru
對	mukau
導	michibiku
小	chiisai
尐	sukunai
少	sukunai
尒	shikari
尓	nanji
尔	nanji
尖	togaru
尗	mame
尙	shou
尚	kuwaeru
尞	kagaribi
尟	sukunai
尠	sukunai
尢	ashinae
尣	mageashi
尤	togameru
尥	yukinayamu
尦	yukinayamu
尨	mukuinu
尩	ashinae
尪	magaru
尫	magaru
尬	ashinae
尭	takai
尮	ashinae
尯	umu
尰	shou
就	tsuku
尲	kan
尳	kotsu
尵	umagayamu
尶	kan
尷	kan
尸	shikabane
尹	osa
尺	monosashi
尻	shiri
尼	ama
尽	tsukusu
尾	o
尿	ibari
局	tsubone
屁	he
屃	neiki
屄	hi
居	iru
屆	todokeru
屇	ana
屈	kagamu
届	todokeru
屋	ya
屌	chou
屍	shikabane
屎	kuso
屏	shirizoku
屐	hakimono
屑	isagyoi
屓	neiki
屔	dei
展	tsuraneru
屖	yasumu
屙	a
屚	moru
屛	shirizoku
屜	kutsushiki
属	yakara
屟	tei
屠	hofuru
屡	shibashiba
屢	shibashiba
屣	zouri
層	kasanaru
履	haku
屧	shikiwara
屨	kutsu
屩	itogutsu
屪	ryou
屫	kyaku
屬	yakara
屭	sakan
屮	hidari
屯	tamurosuru
屰	sakarau
山	yama
屳	sen
屴	sobierusama
屵	kishigataka
屶	nata
屹	sobadatsu
屺	ki
屻	jin
屼	gotsu
屽	kan
屾	shin
岀	deru
岅	han
岆	eu
岇	yamanotakiisama
岈	kodama
岉	butsu
岊	setsu
岋	gou
岌	takai
岏	kehashii
岐	edamichi
岑	mine
岒	ken
岓	ki
岔	machigau
岕	kai
岝	saku
岟	humoto
岠	kyo
岡	oka
岣	itadaki
岤	ketsu
岥	kuzurerusama
岦	ryuu
岧	teu
岨	ishama
岩	iwa
岪	yamamichi
岫	kuki
岬	misaki
岭	rei
岮	kuzurerusama
岯	hi
岰	you
岱	kawariau
岲	kou
岳	take
岴	kewashii
岵	yama
岶	shigeru
岷	bin
岸	kishi
岺	rei
岻	ji
岼	yuri
岾	yama
峀	shuu
峅	kura
峆	kahu
峇	kou
峈	raku
峉	gaku
峊	fu
峋	shun
峌	tetsu
峎	gon
峏	ji
峐	kai
峒	tou
峔	bo
峕	shi
峖	an
峗	gi
峘	kan
峙	sobadatsu
峚	bitsu
峛	sakamichi
峜	kazoheru
峝	ebisu
峞	ki
峟	you
峠	touge
峡	hazama
峣	kewashii
峨	takane
峩	kewashii
峪	tani
峫	ya
峬	ho
峭	kewashii
峮	tsuranaru
峯	mine
峰	mine
峱	dou
峲	yamanonarabusama
峴	kewashii
峵	kou
島	shima
峷	shin
峸	sei
峹	to
峺	saegiru
峻	takai
峽	hazama
崁	ku
崄	kewashii
崆	kou
崇	takai
崈	shuu
崋	ka
崍	rai
崎	saki
崏	bin
崐	kon
崑	kon
崒	kewashii
崔	majiwaru
崕	gake
崖	gake
崗	oka
崘	ron
崙	ron
崚	ryou
崛	sobadatsu
崝	sau
崟	mine
崠	tou
崡	kan
崢	sou
崣	i
崤	kou
崥	hei
崦	en
崧	sobadatsu
崨	sehu
崩	kuzureru
崫	sobadatsu
崱	shoku
崲	kou
崳	yu
崴	wai
崵	seu
崶	hou
崷	shiu
崸	ton
崹	tei
崺	i
崼	shi
崽	kodomo
崿	gake
嵀	chiu
嵁	kan
嵂	kewashii
嵃	kehashii
嵅	kan
嵆	kei
嵇	kei
嵈	kan
嵉	tei
嵊	shou
嵋	bi
嵌	ana
嵎	kuma
嵐	arashi
嵑	sobieru
嵒	iwa
嵓	gan
嵕	sou
嵖	sa
嵗	sei
嵙	yamashina
嵜	kewashii
嵞	to
嵟	takai
嵠	tani
嵡	yamanosama
嵢	sou
嵣	tau
嵤	yamanofukaisama
嵥	ketsu
嵧	riu
嵨	o
嵩	takai
嵪	katai
嵬	takai
嵭	kuzureru
嵯	kewashii
嵰	yamanotakuisama
嵱	you
嵲	getsu
嵳	kewashii
嵶	tao
嵷	shou
嵹	kyou
嵺	takai
嵼	san
嵽	tetsu
嵾	shin
嵿	tei
嶀	to
嶁	itadaki
嶂	mine
嶃	kewashii
嶄	kewashii
嶆	sau
嶇	kewashii
嶈	shau
嶉	sui
嶊	sui
嶋	shima
嶌	shima
嶍	shihu
嶐	ryuu
嶒	shou
嶓	ha
嶔	kewashiisama
嶕	seu
嶙	rin
嶚	ryou
嶛	ryou
嶜	shin
嶝	sakamichi
嶞	ta
嶟	sobadatsu
嶠	kyou
嶡	kei
嶢	kewashii
嶧	tsuranaru
嶨	kaku
嶩	dau
嶪	gyou
嶫	takai
嶬	kewashii
嶭	gatsu
嶮	kewashii
嶯	shiu
嶰	tani
嶱	katsu
嶲	meguri
嶴	oku
嶵	sai
嶷	satoi
嶸	kewashii
嶹	shima
嶺	mine
嶼	shima
嶽	take
巀	satsu
巂	sui
巃	kewashii
巆	kou
巇	kewashii
巉	san
巋	tsuranaru
巌	kewashii
巍	takai
巎	dou
巏	ken
巐	yamanosama
巑	san
巒	mine
巓	itadaki
巔	itadaki
巖	kewashii
巘	mine
巙	ki
巛	kawa
巜	kai
川	kawa
州	su
巟	kou
巠	kei
巡	meguru
巣	su
巤	tategami
工	takumi
左	hidari
巧	takumi
巨	ookii
巩	kyou
巫	miko
差	sasu
己	onore
已	sudeni
巳	mi
巴	tomoe
巵	sakazuki
巷	chimata
巸	hiroiago
巹	shitagau
巺	tatsumi
巻	maku
巽	tatsumi
巾	fukin
巿	hizakake
帀	meguru
市	ichi
布	nuno
帄	tei
帆	ho
帇	tewazagasubayai
帊	ha
帋	kami
希	mare
帍	hire
帎	tan
帑	kanegura
帒	fukuro
帔	hukuro
帕	tsutsumu
帖	kakimono
帘	sakebata
帙	fumaki
帚	houki
帛	kinu
帝	mikado
帟	hiratobari
帠	nori
帡	oou
帢	kahu
帣	hukuro
帤	geyo
帥	hikiiru
带	obi
帨	tehuki
帩	hachimaki
師	miyako
帬	eriate
席	mushiro
帮	tasukeru
帯	obi
帰	kaeru
帲	oou
帳	tobari
帴	eriate
帵	tachiamarinokire
帶	obi
帷	tobari
常	tsune
帽	boushi
帾	hata
幀	kakemono
幁	zukin
幂	oou
幃	tobari
幄	tobari
幅	haba
幇	tasukeru
幈	hei
幉	tazuna
幊	nuno
幋	atamanokazari
幌	horo
幍	tou
幎	tobari
幏	ka
幐	nioibukuro
幑	mejirushinonuno
幓	shin
幔	maku
幕	oou
幖	shirushi
幗	kamikazari
幘	zukin
幙	baku
幚	tasukeru
幛	nuno
幜	kinu
幝	sen
幞	zukin
幟	nobori
幠	ohohi
幡	hata
幢	hata
幣	nusa
幤	hei
幦	urushinurinonuno
幧	zukin
幨	tobari
幩	kutsuwanokazari
幪	hukusa
幫	tasukeru
幬	tobari
幭	ohohi
幮	tobari
幯	nuguhu
幰	horo
幱	nagaikoromo
干	hosu
平	taira
年	toshi
幵	tairaka
并	awaseru
幷	awaseru
幸	saiwai
幹	miki
幺	chiisai
幻	maboroshi
幼	osanai
幽	kurai
幾	iku
广	ie
庀	osameru
庁	yakusho
庂	shoku
広	hiroi
庄	inaka
庇	oou
庈	kin
庉	ton
床	yuka
庋	todana
庌	hisashi
庍	hai
庎	tana
序	tsuide
底	soko
庖	kuriya
店	mise
庚	kanoe
庛	shi
府	yakusho
庠	manabiya
庢	sahegiritodomeru
庣	teu
庤	takuwaeru
庥	kage
度	tabi
座	suwaru
庨	kou
庪	ki
庫	kura
庬	hakkirishinai
庭	niwa
庮	iu
庯	ho
庰	ooi
庱	chou
庲	ihe
庳	hikui
庴	seki
庵	iori
庶	moromoro
康	yasui
庸	mochiiru
庻	moromoro
庽	yoru
庾	kura
庿	mitamaya
廀	kakusu
廁	kawaya
廂	hisashi
廃	sutareru
廅	ahu
廆	kaki
廇	riu
廈	ie
廉	kado
廊	watadono
廋	kakusu
廌	chi
廎	ihenokatahara
廐	umaya
廑	kin
廒	gou
廓	toride
廔	mado
廕	ohohu
廖	munashii
廗	ihegayugamu
廘	komegura
廙	tenmaku
廚	kuriya
廛	yashiki
廜	ihori
廝	komono
廞	tsuraneru
廟	tamaya
廠	umaya
廡	hisashi
廢	sutareru
廣	hiroi
廥	magusagura
廦	kaki
廧	shau
廨	yakusho
廩	kura
廪	kura
廫	munashii
廬	iori
廮	ochitsuku
廯	komegura
廰	yakusho
廱	yawaragu
廲	rei
廳	yakusho
廴	nobasu
廵	jun
延	nobiru
廷	niwa
廸	michi
建	tateru
廻	meguru
廼	sunawachi
廽	mawasu
廾	sasageru
廿	nijuu
弁	kanmuri
异	ageru
弃	suteru
弄	moteasobu
弅	fun
弆	osameru
弇	oou
弈	eki
弉	sakan
弊	tsukareru
弋	igurumi
弌	hitotsu
弍	futatsu
弎	mi
式	nori
弐	futatsu
弑	shiisuru
弒	shiisuru
弓	yumi
弔	tomurau
引	hiku
弖	te
弗	doru
弘	hiroi
弙	ohatsutenerafu
弚	tai
弛	yurumu
弜	tsuyoi
弝	yuzuka
弟	otouto
弡	tsuyokuisamashii
弢	yumibukuro
弣	yuzuka
弤	tei
弥	hisashii
弦	tsuru
弧	kyumi
弨	sorikaeru
弩	ishumi
弫	yumigatsuyoi
弬	yuminona
弭	yuhazu
弮	ishiyumi
弯	hiku
弰	yuhazu
弱	yowai
弴	eyumi
張	haru
弶	amioharu
強	tsuyoi
弸	michiru
弹	tama
强	tsuyoi
弻	tasukeru
弼	tasukeru
弽	yugake
弾	tama
弿	yumigatsuyoi
彀	kou
彁	sei
彂	hanatsu
彃	iru
彄	yuhazu
彅	nagi
彇	yuwazu
彈	tama
彉	kuwaku
彊	tsuyoi
彋	tobarinohirugaherukoe
彌	hisashii
彍	haru
彎	hiku
彏	kuwaku
彐	keigashira
彑	kei
当	ataru
彔	kizamu
彖	toku
彗	houki
彘	buta
彙	harinezumi
彚	harinezumi
彛	tsune
彜	tsune
彝	tsune
彞	tsune
彟	kaku
彠	hakaru
彡	kami
形	katachi
彣	aya
彤	akai
彥	hiko
彦	hiko
彧	aya
彩	irodoru
彪	aya
彫	horu
彬	akiraka
彭	yuku
彯	heu
彰	aya
影	kage
彲	mizuchi
彳	teki
彴	marukibashi
彵	shizukaniyuku
彶	kihu
彷	samayou
彸	awateteyukusama
役	tsutome
彺	isogiyuku
彼	kare
彽	tachimotohoru
彾	rei
彿	nikayou
往	yuku
征	utsu
徂	yuku
徃	yuku
径	komichi
待	matsu
徆	yuku
徇	tonaeru
很	motoru
徉	samayou
徊	samayou
律	nori
後	okureru
徍	yuku
徏	noboru
徐	omomuro
徑	komichi
徒	kachi
従	shitagau
徖	yasuraka
得	eru
徘	samayou
徙	utsuru
徛	ki
徜	samayou
徝	hodokosu
從	shitagau
徠	kuru
御	on
徢	shou
徤	takeshi
徧	amaneshi
徨	samayou
復	kaeru
循	shitagau
徫	yaku
徬	tsukisou
徭	edachi
微	kasuka
徯	komisa
徰	iku
徱	karui
徳	oshie
徴	shirushi
徵	shirushi
德	oshie
徸	yukusama
徹	tooru
徼	meguru
徽	yoi
心	kokoro
忄	ritsushinben
必	kanarazu
忇	kourougaookii
忈	shitashimu
忉	ureeru
忋	tanomu
忌	imu
忍	shinobu
忐	munashii
忑	munashii
忒	kawaru
忓	kiwameru
忔	yorokobu
忖	hakaru
志	kokorozasu
忘	wasureru
忙	isogashii
応	kotaeru
忝	katajikena
忞	tsutomeru
忠	magokoro
忡	ureeru
忢	satoru
忤	sakarau
忨	musaboru
忩	niwaka
忪	odoroku
快	kokoroyoi
忬	arakajime
忭	tanoshimu
忮	sakarau
忯	tsutsushimu
忰	segare
忱	makoto
忲	narau
忳	ureeru
念	omou
忶	modaeru
忷	osoreru
忸	hajiru
忺	nozomu
忻	yorokobu
忼	nageku
忽	yurugaseni
忿	ikaru
怇	anadoru
怊	kanashimu
怍	hajiru
怎	ikade
怏	uramu
怐	oroka
怒	ikaru
怓	midareru
怔	osoreawateru
怕	osoreru
怖	kowai
怗	odayaka
怘	katame
怙	tanomu
怚	ogoru
怛	itamu
怜	satoi
思	omou
怟	modaeru
怠	okotaru
怡	yorokobu
怤	omou
急	isogu
怦	hou
性	saga
怨	uramu
怩	hazu
怪	ayashii
怫	fusagu
怭	anadoru
怯	obieru
怱	niwaka
怳	kuruu
怵	osoreru
怺	koraeru
恀	tanomu
恁	omou
恂	makoto
恃	tanomu
恆	tsune
恇	tsune
恈	musaborioshimu
恉	kokoro
恊	kanau
恋	koi
恌	usui
恍	honoka
恐	osoreru
恑	kawaru
恒	tsune
恔	satoi
恕	yurusu
恖	omoou
恗	osoreru
恙	tsutsuga
恚	ikaru
恝	kai
恟	osoreru
恠	ayashii
恡	oshimu
恢	hiroi
恣	hoshiimama
恤	ureeru
恥	hajiru
恧	hajiru
恨	uramu
恩	megumu
恪	tsutsushimu
恫	itamu
恬	yasui
恭	uyauyashii
息	iki
恰	atakamo
恱	yorokobu
恵	megumu
恷	kyuu
恾	osoreru
恿	isamu
悁	ureeru
悂	ayamaru
悃	magokoro
悄	ureeru
悅	yorokobu
悆	wasureru
悈	totonoeru
悉	tsukusu
悊	uyamau
悋	yabusaka
悌	sunao
悍	takeshi
悎	osoreru
悑	osoreru
悒	ureeru
悓	tatoe
悔	kuiru
悕	omou
悖	motoru
悗	ban
悘	tsumabiraka
悚	osoreru
悛	aratameru
悝	tawamureru
悞	ayamaru
悟	satoru
悠	tooi
悢	kanashimu
患	wazurau
悤	niwaka
悥	michiru
悦	yorokobu
悧	ri
您	ji
悩	nayamu
悪	warui
悰	tanoshimu
悱	iinayamu
悲	kanashii
悳	toku
悴	yatsureru
悵	itamu
悶	modaeru
悷	kanashimu
悸	osoreru
悻	motoru
悼	itamu
悽	itamu
悾	mokoto
惂	ureekurushimu
惄	himojii
情	nasake
惆	uramu
惇	atsui
惈	isamashii
惉	yabureru
惊	kanashimu
惋	nageku
惎	sokonau
惏	musaboru
惑	madou
惓	tsutsushimu
惔	ureeru
惕	tsutsushimu
惖	tsutsushimu
惘	akireru
惙	ureeru
惚	horeru
惛	oroka
惜	oshii
惝	utsutorisuru
惞	yorokobu
惟	omou
惠	megumu
惡	warui
惢	utagau
惣	isogashii
惥	susumeru
惧	osoreru
惨	mijime
惪	toku
惰	okotaru
惱	nayamu
惲	atsui
想	omoi
惴	osoreru
惵	yasuraka
惶	osoreru
惷	midareru
惸	ureeru
惹	hiku
惺	satoru
惻	itamu
惼	hen
惽	kon
愀	ureeru
愁	urei
愂	motoru
愃	yutaka
愆	ayamaru
愇	uramu
愈	masaru
愉	tanoshimu
愊	makoto
愌	habikoru
愍	awaremu
愎	motoru
意	kokoro
愐	tsutomeru
愑	mitsuru
愒	ikou
愓	hoshiimama
愔	yawaragu
愕	odoroku
愖	makoto
愗	oroka
愙	tsutsushimu
愚	oroka
愛	ai
愜	kokoroyoi
愞	yowai
感	kanjiru
愠	uramu
愡	sou
愢	kokorogatagau
愧	hajiru
愨	tsutsushimu
愪	ureerusama
愫	makoto
愬	uttaeru
愰	satoi
愱	kurushimu
愴	itamu
愵	ureerusama
愶	obiyakasu
愷	tanoshimu
愹	ikaru
愼	tsutsushimu
愽	hiroi
愾	tameiki
愿	tsutsushimu
慁	ureeru
慂	shiiru
慄	osoreru
慅	ugoku
慆	yorokobu
慇	itamu
慈	itsukushimu
慉	okosu
慊	uramu
態	sama
慌	awateru
慍	uramu
慎	tsutsushimu
慓	hayai
慕	shitau
慘	mijime
慙	hajiru
慚	hajiru
慝	warui
慞	osoreru
慟	nageku
慠	ogoru
慢	okotaru
慣	nareru
慥	tashika
慧	satoi
慨	nageku
慫	susumeru
慬	kanashimu
慭	namajiini
慮	omonpaka
慯	itamu
慰	nagusameru
慱	ureeru
慲	wasureru
慳	oshimu
慴	osoreru
慵	monoui
慶	yoi
慷	ikidooru
慸	takai
慻	kaerimiru
慼	ureeru
慾	konomi
慿	tsuku
憀	ryou
憁	sou
憂	ureeru
憃	oroka
憄	hodokosu
憇	ikoi
憊	tsukareru
憋	setsukachi
憍	hoshiimama
憎	nikumu
憐	awaremu
憑	yoru
憒	midareru
憓	itsukushimu
憔	yatsureru
憖	namajiini
憗	namajiini
憘	yorokobu
憙	yorokobu
憚	habakaru
憜	tsutsumanai
憝	uramu
憟	hetsurau
憠	tsuyoi
憤	ikidooru
憥	kurushimu
憧	akogareru
憨	oroka
憩	ikoi
憪	tanoshimu
憫	awaremu
憬	satoru
憭	satoi
憮	itsukushimu
憲	nori
憶	oboeru
憸	katayoru
憹	kokoromidareru
憺	yasuraka
憼	tsutsushimu
憾	uramu
懀	nikumu
懁	hageshii
懂	midareru
懃	nengoro
懆	ureeru
懇	nengoro
懈	okotaru
應	ataru
懊	nayamu
懋	tsutomeru
懌	yorokobu
懍	osoreru
懎	uramu
懏	satoi
懐	natsuku
懔	osoreru
懕	yasuraka
懜	kurai
懝	oroka
懞	atsui
懟	uramu
懡	ba
懢	musaboru
懣	modaeru
懤	hogaraka
懦	yowai
懧	yowai
懩	negau
懬	hiroi
懭	uramu
懯	omou
懲	korasu
懴	kuiru
懶	okotaru
懷	natsuku
懸	kakeru
懺	kuiru
懼	osoreru
懽	yorokobu
懾	osoreru
懿	yoi
戀	koi
戁	tsutsushimu
戃	odoroku
戄	odoroku
戇	oroka
戈	hoko
戉	masakari
戊	tsuchinoe
戌	inu
戍	mamoru
戎	tsuwamono
成	naru
我	ware
戒	imashimeru
戓	ka
戔	sokonau
戕	korosu
或	aru
戚	miuchi
戛	hoko
戜	surudoi
戝	sokonau
戞	hoko
戟	hoko
戠	shoku
戡	katsu
戢	osameru
戣	hoko
戦	tatakau
戧	hajimeru
戩	horobosu
截	tatsu
戫	hayai
戮	korosu
戯	tawamureru
戰	tatakau
戱	tawamureru
戲	tawamureru
戳	sasu
戴	itadaku
戵	gu
戶	to
户	to
戸	to
戹	semai
戻	modosu
戼	bou
戽	kumu
戾	modosu
房	fusa
所	tokoro
扁	hiratai
扂	kannuki
扃	kannuki
扄	shou
扅	i
扆	tsuitate
扇	ougi
扈	shitagau
扉	tobira
手	te
扌	tehen
才	wazukani
扎	nuku
扐	roku
扑	karukuutsu
扒	nuku
打	utsu
扔	yoru
払	harau
扖	hameru
托	tanomu
扚	hayakuutsu
扛	ageru
扜	sashimaneku
扞	fusegu
扠	sasu
扣	tataku
扤	ugoku
扨	sate
扭	nejimawasu
扮	yosoou
扯	hiku
扱	atsukau
扳	hiku
扶	tasukeru
批	utsu
扺	ataru
扼	osaeru
扽	hiku
找	saosasu
承	uketamawaru
技	waza
抂	kuruu
抃	utsu
抄	toru
抈	oru
抉	eguru
把	tsuka
抍	ageru
抎	ushinau
抏	kujiku
抐	someru
抑	osaeru
抒	kumu
抓	tsumamu
抔	sukuu
投	nageru
抖	ageru
抗	ataru
折	oru
抛	nageutsu
抜	nuku
択	erabu
抦	motsu
抨	hajiku
披	hiraku
抬	motageru
抱	idaku
抳	tomaru
抵	ataru
抶	muchiutsu
抷	hiraku
抹	suru
抺	saguru
抻	nobu
押	osu
抽	nuku
抾	toru
抿	naderu
拂	harau
拄	ageru
担	ninau
拆	hiraku
拇	oyayubi
拈	tsumamu
拉	kudaku
拊	utsu
拋	nageutsu
拌	suteru
拍	utsu
拎	kakeru
拏	hiku
拐	kataru
拑	hasamu
拒	kobamu
拓	hiraku
拔	nuku
拕	hiku
拖	hiku
拗	nejikeru
拘	todomeru
拙	tsutanai
拚	teoutsu
招	maneku
拜	ogamu
拝	ogamu
拠	yoru
拡	hirogaru
拪	utsuru
拫	shuu
括	kukuru
拭	nuguu
拮	hataraku
拯	sukuu
拱	komanuku
拲	tekase
拳	kobushi
拴	erabu
拵	koshiraeru
拶	semaru
拷	utsu
拼	shitagau
拽	hiku
拾	hirou
拿	hiku
持	motsu
挂	kakeru
挃	sasu
挄	hirogeru
指	yubi
挈	hitsusageru
按	osaeru
挊	moteasobu
挋	tasu
挌	utsu
挍	hakaru
挐	hiku
挑	kakageru
挓	hiraku
挖	abaku
挘	mushiru
挙	ageru
挟	hasamu
挧	ku
挨	hiraku
挩	toku
挪	momu
挫	kujiku
挭	midasu
振	furu
挵	moteasobu
挶	sasae
挹	kumu
挺	nuku
挼	otosu
挽	hiku
挾	hasamu
挿	sasu
捁	midasu
捂	hureru
捃	hirou
捄	moru
捆	totonoeru
捉	toraeru
捊	kakiatsumeru
捋	toru
捌	sabaku
捍	fusegu
捎	toru
捏	koneru
捐	suteru
捒	tsutsushimu
捓	moteasobu
捔	toru
捕	toraeru
捗	hakadoru
捘	sui
捛	tomo
捜	sagasu
捝	toku
换	kaeru
捥	ude
捦	katakutoru
捧	sasageru
捨	suteru
捩	nejiru
捫	naderu
捬	naderu
捭	hai
据	sueru
捱	husegu
捲	maku
捴	fun
捵	nobasu
捶	muchiutsu
捷	katsu
捸	nameraka
捺	osu
捻	hineru
捼	osu
捽	tsukamu
捿	sumu
掀	kakageru
掂	hakaru
掃	haku
掄	erabu
掇	hirou
授	sazukeru
掉	furuu
掊	kaku
掌	tanagokoro
掎	hiku
掏	erabu
掐	tsumamu
排	oshihiraku
掔	katai
掕	tomeru
掖	wakibasamu
掘	horu
掙	sasu
掚	kazaru
掛	kakeru
掞	noberu
掟	okite
掠	kasumeru
採	toru
探	saguru
掣	hiku
掤	huta
接	tsugu
掦	kakageru
控	hikaeru
推	osu
掩	oou
措	oku
掫	mamoru
掬	sukuu
掭	ten
掮	katsugu
掯	todokooru
掲	kakageru
掴	tsukamu
掵	haba
掻	kaku
掽	tsuku
掾	jou
揀	erabu
揁	hiku
揃	sorou
揄	hiku
揅	migaku
揆	hakaru
揈	utsu
揉	momu
揎	kakageru
描	egaku
提	sageru
揑	koneawaseru
插	sasu
揓	toru
揔	sube
揕	utsu
揖	eshaku
揚	ageru
換	kaeru
揜	toru
揠	nuku
握	nigiru
揣	hakaru
揥	kougai
揩	nuguu
揪	atsumeru
揬	tsuku
揭	kakageru
揮	furuu
揲	kazoeru
揳	tadashikunai
援	tasukeru
揵	ageru
揶	karakau
揷	sasu
揸	tsumamu
揹	seou
揺	yura
搆	hiku
搉	utsu
搊	shuu
損	sokonau
搏	utsu
搐	itamu
搒	oou
搓	yoru
搔	kaku
搖	yusuru
搗	tsuku
搘	sasaeru
搙	sasaeru
搜	sagasu
搞	tataku
搠	nuru
搢	hasamu
搤	toraeru
搥	nageutsu
搦	karameru
搨	utsu
搩	katsugu
搪	haru
搬	utsusu
搭	noseru
搯	toridasu
搰	horu
搴	toru
搵	shizumu
搶	tsuku
携	tazusaeru
搽	ta
搾	shiboru
搿	kaku
摂	osameru
摇	yusuru
摋	utsu
摎	kukuru
摏	tsuku
摑	tsukamu
摒	harau
摓	nuu
摔	shutsu
摘	tsumu
摚	tomeru
摛	shiku
摜	narau
摝	nagokasu
摟	hiku
摠	subete
摡	arau
摣	toru
摧	kudaku
摩	suru
摭	hirou
摯	itaru
摳	hirou
摴	noberu
摶	marui
摸	saguru
摺	hida
摻	toru
摽	utsu
撃	utsu
撅	atsumeru
撇	nuguu
撈	sukuiage
撏	toru
撐	sasaeru
撑	sasaeru
撒	maku
撓	tawameru
撕	saku
撘	tou
撙	osaeru
撚	hineru
撛	tasukeru
撝	hanasu
撞	tsuku
撟	kyou
撡	misao
撣	motsu
撤	suteru
撥	haneru
撦	saku
撨	erabu
撩	osameru
撫	naderu
撬	ageru
播	maku
撮	toru
撰	erabu
撲	utsu
撳	osaeru
撹	midasu
撻	muchiutsu
撼	ugokasu
撽	tataku
撾	utsu
撿	komaneku
擁	idaku
擂	suru
擄	toriku
擅	hoshiimama
擇	erabu
擉	sasu
擊	utsu
擋	sakeru
擌	mochizao
操	ayatsuru
擎	sasageru
擐	tsuranuku
擑	tsuugu
擒	toraeru
擔	ninau
擕	tazusaaeru
擗	muneoutsu
擘	saku
據	yoru
擠	osu
擡	motageru
擢	nukinderu
擣	tsuku
擤	hanaokamu
擥	toru
擦	suru
擧	ageru
擩	hitasu
擪	osaeru
擬	nazoraeru
擭	aageru
擯	shirizokeru
擰	midareru
擱	oku
擲	nageutsu
擴	hirogaru
擵	suru
擶	tadasu
擷	hasamu
擺	hiraku
擻	ageru
擽	kusuguru
擾	midareru
擿	kaku
攀	yojiru
攁	hirakiugokasu
攄	noberu
攅	atsumaru
攈	hirou
攉	kaku
攊	utsu
攏	toru
攓	toru
攔	saegiru
攖	semuru
攘	harau
攙	sasu
攛	nageutsu
攜	tazusaeru
攝	osameru
攞	erabu
攟	hirou
攢	atsumaru
攣	hiku
攤	hiraku
攦	oru
攩	tomo
攪	midasu
攫	tsukamu
攬	toru
攮	osu
支	sasaeru
攰	tsukarekiru
攱	noseru
攴	utsu
攵	utsu
收	osameru
攷	kangaeru
攸	tokoro
改	aratameru
攺	i
攻	semeru
攼	motomeru
攽	wakeru
放	hanasu
政	matsurigoto
敃	tsutomeru
故	yue
敇	muchiutsu
效	kiku
敉	naderu
敋	utsu
敍	tsuideru
敎	oshieru
敏	toshi
敐	yorokondeugokusama
救	sukuu
敒	osameru
敔	sashitomeru
敕	imashimeru
敖	asobu
敗	yabureru
敘	tsuideru
教	oshieru
敝	yabureru
敞	takai
敟	tsukasadoru
敠	hakaru
敡	anadoru
敢	aete
散	chiru
敦	atsui
敧	hasamu
敩	oshieru
敪	hakaru
敫	utsuru
敬	uyamau
敭	you
敯	okasu
数	kazoeru
敲	tataku
整	totonoeru
敵	kataki
敷	shiku
數	kazoeru
敺	kaakeru
敻	haruka
敽	tsunagu
敿	tsunagu
斁	iyaninaru
斂	osameru
斃	taoreru
斅	oshieru
斆	oshieru
文	fumi
斈	manabu
斉	sorou
斊	hitoshii
斌	uruwashii
斎	monoimi
斐	aya
斑	madara
斒	madara
斕	aya
斗	tomasu
斘	noboru
料	hakaru
斛	masu
斜	naname
斝	utsuwa
斟	kumu
斠	hakaru
斡	meguru
斣	kaeau
斤	ono
斥	shirizokeru
斦	akiraka
斧	ono
斫	kiru
斬	kiru
断	tatsu
斮	kiru
斯	kono
新	atarashii
斲	kiru
斳	seri
斴	rin
斷	tatsu
方	kata
於	au
施	hodokosu
斿	hataashi
旁	katawara
旂	hata
旃	hata
旄	hatakazari
旅	tabi
旆	hata
旈	hataashi
旉	hu
旋	meguru
旌	hata
旎	tanabiku
族	yakara
旐	chou
旒	hataashi
旔	katsu
旖	nabiku
旗	hata
旘	shi
旙	hata
旛	hata
旟	hata
无	nai
旡	musebu
既	tsukiru
旣	tsukiru
日	hi
旦	ashita
旧	furui
旨	mune
早	hayai
旬	amaneku
旭	asahi
旰	kureru
旱	hideri
旲	hikage
旴	asa
旵	tan
旹	toki
旺	sakan
旻	akizora
旾	haru
旿	akiraka
昀	in
昂	agaru
昃	katamuku
昄	ookii
昆	ani
昇	noboru
昈	akiraka
昉	akiraka
昊	sora
昌	sakan
昍	akiraka
明	akarui
昏	kurai
昑	akiraka
昒	yoake
易	yasashii
昔	mukashi
昕	asa
昖	meguru
昜	agaru
昝	san
昞	akiraka
星	hoshi
映	haeru
昡	ken
昢	yoake
昣	akiraka
昤	rei
春	haru
昦	sora
昧	kurai
昨	kinou
昩	kumoru
昪	tanoshimusama
昫	atataka
昬	kurai
昭	akiraka
昮	shou
是	kore
昰	kore
昱	akiraka
昳	katamuku
昴	subaru
昵	chikazuku
昶	nagai
昷	megumu
昹	ai
昻	agaru
昼	hiru
昿	akiraka
晀	akiraka
晁	asa
時	toki
晃	akiraka
晄	akiraka
晅	akiraka
晆	wakareru
晉	susumu
晊	ookii
晋	susumu
晌	mahiru
晎	akekakaru
晏	osoi
晑	akiraka
晒	sarasu
晗	kan
晘	hinoderusama
晙	akiraka
晚	kure
晛	higaarawareru
晜	kon
晝	hiru
晞	kawaku
晟	akiraka
晠	akiraka
晡	yuugata
晢	akiraka
晤	akiraka
晦	misoka
晧	hikaru
晨	ashita
晩	kure
晪	akiraka
晫	akiraka
晬	hitomawari
普	amaneshi
景	keshiki
晰	akiraka
晳	akiraka
晴	hareru
晵	hareru
晶	akiraka
晷	kage
晸	tei
晹	kageru
智	chie
晻	kurai
晼	en
晾	sarasu
晿	shou
暀	kagayakiutsukushii
暁	akatsuki
暃	hi
暄	atatakai
暇	hima
暈	kasa
暉	kagayaku
暋	tsutomeru
暌	kureru
暍	atsusaatari
暎	haeru
暏	atsui
暐	hizashi
暑	atsui
暒	hareru
暖	atatakai
暗	kurai
暘	hinode
暙	shun
暚	hinohikari
暛	akiraka
暜	amaneshi
暝	kurai
暟	terai
暠	kou
暢	nobiru
暤	akiraka
暦	koyomi
暨	oyobu
暫	shibaraku
暭	akiraka
暮	kureru
暱	chikazuku
暲	shou
暴	abaku
暵	kawakasu
暸	akiraka
暹	susumu
暻	akiraka
暼	hetsu
暾	asahi
暿	sakannasama
曀	kumoru
曁	oyobu
曂	akiraka
曃	akirakadenaisama
曄	kagayaku
曅	kagayaku
曆	koyomi
曇	kumoru
曈	honogurai
曉	akatsuki
曌	teeru
曎	hikaru
曏	sakini
曔	akiraka
曖	kurai
曙	akebono
曚	kurai
曛	tasogare
曜	hikari
曝	sarasu
曟	ashita
曠	akiraka
曡	tatamu
曦	hi
曨	oboro
曩	saki
曫	tasogare
曬	sarasu
曮	gan
曰	iu
曱	ou
曲	magaru
曳	hiku
更	sara
曵	hiku
曷	nani
書	kaku
曹	tsukasa
曺	tsukasa
曻	noboru
曼	hiku
曽	katte
曾	katte
替	kaeru
最	mottomo
會	au
朅	saru
朇	masu
月	tsuki
有	aru
朋	tomo
朌	wakeru
服	kiru
朎	tsukinoushiinikari
朏	mikazuki
朐	atatakai
朒	niku
朓	chou
朔	tsuitachi
朕	ware
朖	hogaraka
朗	hogaraka
朘	chijimaru
朙	aakari
望	nozomu
朜	tsukinohikari
朝	asa
朞	toki
期	chigiru
朠	ei
朢	mochizuki
朦	oboro
朧	oboro
木	ki
朩	hitoshii
未	imada
未来	mirai
末	sue
本	moto
札	fuda
朮	mochiawa
术	mochiawa
朱	aka
朳	eburi
朴	hoo
朵	eda
朶	eda
朷	tou
朸	ougo
机	tsukue
朽	kuchiru
朾	tsuku
朿	toge
杁	eburi
杅	yunomi
杆	teko
杇	kote
杈	eda
杉	sugi
杌	gotsu
李	sumomo
杏	anzu
材	maruta
村	mura
杓	hishaku
杔	utsugi
杕	tei
杖	tsue
杙	kui
杜	yamanashi
杝	magaki
杞	suki
束	taba
杠	teko
条	eda
杢	moku
杣	soma
杤	tochi
来	kuru
杦	sugi
杧	man
杪	kozue
杬	hujimodoki
杭	wataru
杮	kokera
杯	sakazuki
杰	sugureru
東	higashi
杲	akiraka
杳	haruka
杴	suki
杵	kine
杶	chun
杷	tsuka
杻	tekase
杼	hi
松	matsu
板	ita
极	nigura
构	kamaaeru
枅	togata
枇	saji
枉	magaru
枋	mayumi
枌	sogi
枎	shigeru
枏	kusunoki
析	saku
枑	yarai
枓	hishiyaku
枕	makura
枖	kigawakakusakannasama
林	hayashi
枘	sen
枙	hushi
枚	hira
枛	kinotogi
果	hatasu
枝	eda
枠	waku
枡	masu
枢	toboso
枦	haze
枩	matsu
枯	kareru
枰	sugorokuban
枱	suki
枲	karamushi
枳	karatachi
枴	tsue
枵	utsuro
架	kakeru
枷	karazao
枸	hiiragi
枹	bachi
枻	kai
枼	usuikifuda
枽	kuwa
枾	kaki
柀	sugi
柁	kaji
柂	kaji
柃	rei
柄	e
柅	ji
柆	oretaki
柈	hachi
柉	han
柊	hiiragi
柎	utena
柏	kashiwa
某	soregashi
柑	mikan
柒	urushi
染	someru
柔	yawarakai
柗	matsu
柘	yamaguwa
柙	ori
柚	yuzu
柜	amadare
柝	hyoushigi
柞	hahaso
柡	ei
柢	ne
柤	iseki
查	shiraberu
柦	tan
柧	kado
柩	hitsugi
柬	erabu
柮	kirihashi
柯	e
柰	karanashi
柱	hashira
柲	nigiri
柳	yanagi
柴	shiba
柵	yarai
柶	saji
柷	shuku
柹	kaki
査	shiraberu
柾	masa
柿	kaki
栂	toga
栃	tochi
栄	sakaeru
栅	yarai
栈	kakehashi
栓	sennoki
栔	kizamu
栖	sumu
栗	kuri
栙	funenoho
栝	takigi
栞	shiori
栟	hei
校	kase
栢	kashiwa
栧	kai
栨	taru
栩	kunugi
株	kabu
栫	fushizuke
栬	chisanakui
栭	masugata
栯	ikuri
栰	ikada
栱	kui
栲	tae
栳	rou
栴	sen
核	sane
根	ne
栻	choku
格	tadasu
栽	ueru
栿	hari
桀	haritsuke
桁	keta
桂	katsura
桃	momo
桄	yokogi
桅	kuchinashi
框	kamachi
案	tsukue
桊	ken
桌	taku
桍	munashii
桎	ashikase
桐	kiri
桑	kuwa
桒	kuwa
桓	takeshii
桔	hanetsurube
桕	buna
桗	ne
桘	shii
桙	hoko
桛	kasei
桜	sakura
桝	masu
桟	kakehashi
档	koshikake
桧	hinoki
桫	hego
桮	sakazuki
桯	tsukue
桰	yudame
桱	kei
桲	karazao
桴	bachi
桵	tara
桶	oke
桷	taruki
桹	rou
桺	yanagi
桻	kozue
桼	urushi
桾	kun
桿	teko
梁	hashi
梂	nominosaki
梃	tsue
梄	yaku
梅	ume
梆	hou
梈	kidetsukutsutaooyumi
梍	saikachi
梎	kamanoe
梏	tekase
梓	azusa
梔	kuchinashi
梖	baitara
梗	yamanire
梘	sen
梚	ban
梛	nagi
梜	soeita
條	eda
梟	fukurou
梠	hisashi
梡	manaita
梢	kozue
梣	toneriko
梥	matsu
梦	yume
梧	aogiri
梨	nashi
梩	suki
梪	takatsuki
梭	hi
梮	zen
梯	hashigo
械	kase
梱	shikimi
梲	tsuka
梳	kushikezuru
梵	fuu
梶	kozue
梹	binroushi
梺	fumoto
梻	shikimi
梼	kirikabu
棁	tsuka
棄	suteru
棅	hei
棆	rin
棈	sen
棉	wata
棊	go
棋	go
棌	kunugi
棍	tsue
棏	toku
棐	yudame
棑	ikada
棒	tsue
棓	tsue
棔	kon
棕	shu
棖	hashira
棗	natsume
棘	ibara
棙	karakuri
棚	tana
棜	dai
棝	nezumiotoshi
棟	mune
棠	yamanashi
棡	kou
棣	niwazakura
棥	magaki
棧	kakehashi
棨	tegata
棪	en
棫	tara
棬	ken
棭	nemunoki
森	mori
棯	jin
棰	shie
棱	rou
棲	sumu
棵	kigire
棶	muku
棹	sao
棺	hitsugi
棼	munagi
棽	chin
椀	hachi
椁	hitsugi
椄	tsugu
椅	isu
椆	chuu
椈	hinoki
椉	nooru
椊	hozo
椋	muku
椌	munashii
植	ueru
椎	tsuchi
椏	mata
椐	magaki
椑	taru
椒	hajikami
椓	tataku
椖	hou
椗	ikari
椙	sugi
椚	kunugi
椛	momiji
検	shiraberu
椡	kunugi
椢	soko
椣	shide
椥	nagi
椦	ken
椨	tafu
椪	kunugi
椰	yashi
椱	inoashi
椳	wai
椴	mukuge
椵	kui
椶	shu
椸	koromokake
椹	ategi
椻	seki
椽	taruki
椿	tsubaki
楂	ikada
楅	hyoku
楉	zakuro
楊	yanagi
楎	kara
楓	kaede
楔	kusabi
楕	nuku
楗	kannuki
楙	utsukushii
楚	ibara
楛	ko
楜	koshou
楝	ouchi
楞	kado
楠	kusunoki
楡	nire
楢	nara
楣	hisashi
楤	sou
楥	kata
楦	ken
楨	nezumimochi
楩	hen
楪	mado
楫	kaji
楬	tatehuda
業	waza
楮	kouzo
楯	tate
楰	nezumimochi
楱	sou
楲	omaru
楳	ume
楴	kanzashi
極	kiwameru
楷	kata
楸	hisagi
楹	hashira
楺	juu
楻	hatazao
楼	takadono
楽	tanoshii
楾	hazou
楿	katsura
榀	komai
榁	muro
概	tokaki
榅	sugi
榆	nire
榊	sakaki
榍	setsu
榎	enoki
榑	kure
榒	doku
榔	rou
榕	akou
榖	kouzo
榘	jougi
榛	hashibami
榜	tatefuda
榠	bei
榡	kiji
榥	tsukue
榦	miki
榧	kaya
榨	shiboriki
榫	hozo
榭	dai
榮	sakaeru
榯	tatsu
榱	taruki
榲	sugi
榴	zakuro
榷	marukibashi
榸	karekinone
榺	hatanokeishiwomotsugu
榻	koshikake
榼	sakadaru
榾	hota
榿	hannoki
槁	kareru
槃	tarai
槅	kubiki
槇	kozue
槈	suki
槊	hoko
構	kamaeru
槌	tsuchi
槍	yari
槎	ikada
槐	enju
槑	ume
槓	teko
槖	hukuro
槗	hashi
様	sama
槙	kozue
槝	kashi
槞	ori
槢	kusabi
槥	hitsugi
槧	fuda
槨	sotohitsugi
槪	tokaki
槫	marui
槭	kaede
槮	shin
槯	tsumu
槱	yaku
槲	kashiwa
槳	kaji
槵	muku
槹	kou
槻	tsuki
槽	kaibaoke
槾	kote
槿	mukuge
樀	noki
樁	kui
樂	tanoshii
樃	rou
樅	momi
樊	magaki
樋	hi
樌	kan
樏	hachi
樑	hashi
樒	jinkou
樓	takadono
樔	yagura
樕	shiba
樗	ouchi
標	kozue
樚	rokuro
樛	tsuga
樝	koboke
樞	toboso
樟	kusu
樠	bon
模	kata
樢	tsuta
樣	sama
樤	yuzu
樨	mokusei
権	omori
横	yoko
樫	kashi
樮	hokuso
樰	tara
樲	natsume
樴	bou
樵	kikoru
樶	fushi
樷	muragaru
樸	kiji
樹	ueru
樺	kaba
樻	ki
樽	taru
樾	kokage
樿	tsuge
橄	kan
橅	buna
橆	shigeru
橇	sori
橈	tawamu
橉	shikimi
橊	zakuro
橋	hashi
橎	han
橐	hukuro
橑	taruki
橒	mokume
橕	hashira
橖	kurumagi
橘	tachibana
橙	daidai
橛	kui
機	hata
橡	tochi
橢	kobanga
橤	tareru
橦	mune
橧	somai
橪	konatsume
橫	yoko
橱	kuriya
橲	zusa
橳	nude
橸	shou
橾	shu
橿	e
檀	mayumi
檁	keta
檃	tamegi
檄	furebumi
檆	sugi
檇	tsuku
檉	kawarayanagi
檋	kanjiki
檍	mochi
檎	go
檐	hisashi
檑	rai
檗	kiwada
檛	tsue
檜	hinoki
檝	kaji
檞	matsuyani
檟	hisagi
檠	yudame
檢	shiraberu
檣	hobashira
檥	funayosooi
檩	keta
檪	kunugi
檫	shinbashira
檬	bou
檮	kirikabu
檯	tsukue
檰	tochiyuu
檱	go
檳	binroushi
檴	akinire
檸	nei
檻	ori
檼	mune
檽	kikurage
檾	ichibi
檿	yamaguwa
櫁	jinkou
櫂	kaji
櫃	hitsu
櫆	kai
櫈	koshikake
櫉	hitsu
櫌	narasu
櫐	huji
櫑	sakadaru
櫓	oodate
櫔	rei
櫕	tsue
櫖	fuza
櫚	karin
櫛	kushi
櫜	fukuro
櫝	hako
櫞	en
櫟	kunugi
櫤	tamo
櫥	hitsu
櫧	kashi
櫨	haze
櫪	kaibaoke
櫬	hitsugi
櫰	inuenju
櫱	hikobae
櫲	kusunoki
櫺	renji
櫻	sakura
櫼	kusabi
櫽	tamegi
欂	hashira
欃	san
欄	tesuri
欅	keyaki
欆	funenoho
欇	konohagauragaeru
欉	shigeru
權	omori
欏	yamanashi
欐	mune
欑	tsue
欒	ouchi
欖	ran
欗	tesuri
欛	tsuka
欝	shigeru
欞	rei
欟	tsuki
欠	kakeru
次	tsugu
欣	yorokobu
欤	ka
欧	haku
欨	huku
欫	keki
欬	seki
欯	yorokobu
欲	hossuru
欵	kan
欶	suu
欷	nageku
欸	nageku
欹	sobadatsu
欺	azamuku
欻	kutsu
欽	tsutsushimu
款	makoto
欿	motomeru
歀	makoto
歃	susuru
歆	ukeru
歇	yameru
歉	akitarinai
歊	noboru
歌	uta
歍	haku
歎	nageku
歐	haku
歒	warau
歓	yorokobu
歔	susurinaku
歖	ki
歘	kutsu
歙	suu
歛	nozomu
歝	iyaninaru
歟	ka
歠	nomu
歡	yorokobu
止	tomaru
正	tadashii
此	koko
步	aruku
武	takeshi
歧	yubi
歩	aruku
歪	yugamu
歫	tomeru
歮	shibu
歯	ha
歰	shiburu
歲	toshi
歳	toshi
歴	heru
歵	totonou
歸	totsugu
歹	warui
死	shinu
歽	wakajini
歾	shinu
歿	shinu
殀	wakajini
殁	shinu
殂	shinu
殃	wazawai
殄	tsukiru
殅	yomigaeru
殆	ayaui
殉	shitagau
殊	koto
残	nokoru
殍	uejini
殑	shinikakaru
殕	yabureru
殖	fueru
殗	yamu
殘	nokoru
殛	korosu
殞	shinu
殟	otsu
殠	nioi
殢	tsukareru
殣	uejini
殤	wakajini
殨	tadareru
殩	san
殪	taosu
殫	tsukiru
殬	yabureru
殭	katakunaru
殮	osameru
殯	karimogari
殰	yabureru
殱	tsukusu
殲	tsukusu
殳	hoko
殴	naguru
段	kitaeru
殷	sakan
殸	kei
殹	uchiatarukoe
殺	korosu
殻	kara
殼	kara
殽	majiru
殾	kizuku
殿	tono
毀	kobotsu
毁	kobotsu
毃	tataku
毄	ataru
毅	tsuyoi
毆	naguru
毉	ishiya
毋	nai
毌	tsuranuku
母	haha
毎	tsune
每	tsune
毒	sokonau
毓	sodateru
比	kuraberu
毖	tsutsushimu
毘	heso
毚	usagi
毛	ke
毟	mushiru
毡	mousen
毣	yoi
毦	kekazari
毧	juu
毫	sukoshi
毬	mari
毮	mushiru
毯	kemushiro
毱	kemari
毳	mukuge
毷	tokeru
毹	kemushiro
毿	keganagai
氂	ri
氄	mukuge
氅	kazarike
氈	mousen
氉	ke
氍	mousen
氎	momennonuno
氏	uji
氐	humoto
民	tami
氒	ne
氓	tami
气	iki
気	iki
氙	sen
氛	ki
氟	futsu
氣	iki
氤	in
氦	gai
氧	you
氨	an
氬	a
氮	tan
氲	sakan
氳	sakan
水	mizu
氵	sanzui
氶	sukuu
氷	koori
永	nagai
永遠	eien
氹	tameike
氺	shitamizu
氻	roku
氽	ukaberu
氾	hirogaru
氿	ozumi
汀	migiwa
汁	shiru
求	motomeru
汊	sa
汋	uruou
汍	kan
汎	tadayou
汏	aruu
汐	shio
汒	awatadashii
汔	kitsu
汕	sukuiami
汗	ase
汙	kegaasu
汚	kegasu
汛	sosogu
汜	kawa
汝	nanji
汞	mizugane
江	e
池	ike
污	kegasu
汢	tsuchi
汧	sawa
汨	shizumu
汩	nagareru
汪	hiroi
汫	kei
汭	nagareru
汯	kou
汰	yonageru
汲	kumu
汳	hen
汴	hen
汶	bun
汸	tsunagu
汹	waku
決	kimeru
汻	hotori
汽	yuge
汾	ookii
沁	shimiru
沂	hotori
沃	sosogu
沅	minamoto
沆	hiroi
沇	nagareru
沈	shizumu
沉	shizuumu
沌	fusagaru
沍	kareru
沐	arau
沒	shizumu
沓	kutsu
沔	ben
沕	kasuka
沖	oki
沗	mooeru
沘	hi
沙	suna
沚	nagisa
沛	sawa
沜	han
沟	kou
没	shizumu
沢	sawa
沫	awa
沮	habamu
沰	nageru
沱	ta
沲	ta
河	kawa
沴	mokonau
沵	dei
沸	waku
油	abura
沺	ten
治	osameru
沼	numa
沽	kau
沾	uruou
沿	sou
況	iwanya
泂	samui
泄	moreru
泅	oyogu
泆	ahureru
泉	izumi
泊	tomaru
泌	nagareru
泍	hon
泏	chutsu
泐	fumi
泑	kuroi
泒	ko
泓	fukai
泔	kan
法	nori
泖	bou
泗	hanajiru
泙	hou
泚	kiyoi
泛	ukabu
泜	tei
泝	sakanoboru
泠	satosu
泡	awa
波	nami
泣	naku
泥	doro
泧	etsu
注	sosogu
泩	minagiru
泪	namida
泫	nagareru
泬	hotobashiru
泮	wakatsu
泯	horobiru
泰	yasui
泱	ou
泲	sei
泳	oyogu
泴	kiyomeru
泵	ryuu
洄	sakanoboru
洇	shizumu
洊	itaru
洋	nada
洌	kyoi
洎	sosogu
洏	nurumayu
洑	fuku
洒	arau
洓	sobouru
洗	arau
洙	shu
洚	kou
洛	matou
洞	hogaraka
洟	hanajiru
津	tsu
洦	baku
洧	i
洨	kou
洩	nobiru
洪	oumizu
洫	mizo
洮	arau
洯	isagiyooi
洱	ji
洲	shima
洳	hitariuruo
洵	makotoni
洶	waku
洸	honoka
洹	en
活	ikiru
洼	ai
洽	uruosu
派	wakareru
洿	o
流	nagareru
浄	kyoi
浅	asai
浗	kyuu
浙	yonageru
浚	sarau
浜	hama
浞	uruou
浟	yuu
浡	okoru
浣	arau
浤	fukai
浥	uruou
浦	ura
浧	doro
浩	hiroi
浪	nami
浬	kairi
浮	uku
浯	go
浰	ren
浴	abiru
海	umi
浸	hitasu
浹	amaneshi
浼	kegasu
涂	michi
涅	someru
涇	mizo
消	kieru
涉	wataru
涌	waku
涎	yodare
涑	susugu
涒	haku
涓	shizuku
涔	hitasu
涕	namida
涖	nozomu
涗	nurumayu
涘	hotori
涙	namida
涚	nurumayu
涛	nami
涜	mizo
涣	akiraka
涪	fuu
涬	kei
涯	kishi
液	shiru
涴	en
涵	hitasu
涷	niwakaame
涸	kareru
涹	nigoru
涼	suzushii
涽	midareru
涿	toku
淀	yodo
淄	shi
淅	yonagu
淆	majiru
淇	ki
淈	nigosu
淊	kan
淋	sabishii
淌	shitataru
淎	hou
淏	kou
淑	yoi
淒	samui
淕	riku
淖	doru
淘	yonageru
淙	sosogu
淚	namida
淛	sei
淝	hi
淞	shou
淟	nigoru
淠	hi
淡	awai
淢	hayai
淤	doro
淥	kosu
淦	aka
淨	kyoi
淩	noru
淪	shizumu
淫	hitasu
淬	niragu
淮	hitoshikusuru
淯	iku
淰	nigoru
深	fukai
淳	atsui
淴	otsu
淵	fuchi
淶	rai
混	mazeru
淸	kyoi
淹	hitasu
淺	asai
添	soeru
淼	hiroi
渀	hon
渄	hi
清	kiyoi
渇	kawaku
済	sumu
渉	wataru
渊	fuchi
渋	shibui
渌	kosu
渓	tani
渕	fuchi
渗	shimiru
渙	akiraka
渚	nagisa
減	heru
渝	kawaru
渞	minamoto
渟	todomaru
渠	mizo
渡	wataru
渢	fuu
渣	ori
渤	botsu
渥	atsui
渦	uzu
渧	tei
温	atataka
渫	sarau
測	hakaru
渭	iku
渮	ka
港	minato
渲	sen
渴	kawaku
渶	ei
游	oyogu
渹	kou
渺	hiroi
渻	sei
渼	bi
渾	nigoru
湃	shimiwataru
湄	mizugiwa
湅	neru
湈	yaburu
湉	ten
湊	minato
湋	meguru
湍	hayase
湎	oboreru
湏	tadareru
湑	kosu
湒	huru
湓	ahureru
湔	arau
湖	mizuumi
湗	fukaidoro
湘	niru
湛	tataeru
湜	kiyoi
湝	nagareru
湞	tou
湟	hori
湢	yudono
湣	bin
湧	waku
湨	keki
湫	kute
湮	shizumu
湯	yu
湲	kyoi
湳	dan
湶	izumi
湻	atsui
湽	shi
湾	irie
湿	shimeru
満	michiru
溂	ratsu
溈	ki
溉	sosogu
溌	moru
溍	shin
溏	ike
源	minamoto
溓	nebaritsuku
準	hitoshii
溘	tachimachi
溙	tai
溜	shitataru
溝	mizo
溟	kurai
溠	sa
溢	afureru
溥	amaneshi
溦	kosame
溧	ritsu
溪	tani
溫	atataka
溭	shoku
溮	shi
溯	sakanoboru
溱	ooi
溲	hitasu
溳	un
溶	tokeru
溷	nigoru
溺	oboreru
溻	uruou
溽	mushiatsui
溿	mizugiwa
滀	atsumaru
滁	cho
滂	hiroi
滃	ou
滄	samui
滅	horobiru
滇	ten
滈	nagaame
滉	hiroi
滊	ki
滋	shigeru
滌	arau
滍	chi
滎	chiyorochiyoro
滏	fu
滑	nameraka
滓	ori
滔	habikoru
滕	waku
滚	tagiru
滝	taki
滞	todokooru
满	michiru
滫	togishiru
滬	eri
滭	waku
滮	nagareru
滯	todokooru
滲	shimiru
滴	shitataru
滷	shiochi
滸	hotori
滹	ko
滻	san
滽	you
滾	tagiru
滿	michiru
漁	sunadoru
漂	tadayou
漄	hate
漆	urushi
漈	mizugiwa
漉	kosu
漊	ru
漌	kiyoi
漍	kaku
漏	moru
漑	sosogu
漓	usui
演	noberu
漕	kogu
漖	kou
漘	mizugiwa
漚	hitasu
漛	nami
漠	sunahara
漢	kara
漣	sazanami
漦	nagareru
漩	meguru
漪	nami
漫	midari
漬	hitasu
漭	hiroi
漯	tou
漰	hou
漱	susugu
漲	minagiru
漳	sasaeru
漶	hatsukirishinai
漸	susumu
漻	ryou
漼	hukai
漾	tadayou
漿	konzu
潀	atsumaru
潁	ei
潅	sosogu
潏	ketsu
潑	moru
潒	tadayou
潓	kei
潔	isagyoi
潗	waku
潘	shiromizu
潙	ki
潚	kiyoi
潛	hisomu
潜	hisomu
潝	kyuu
潞	ro
潟	kata
潡	oomizu
潢	ike
潤	uruou
潦	niwatazumi
潨	atsumaru
潬	su
潭	fuchi
潮	shio
潯	fuchi
潰	tsuieru
潴	mizutamari
潸	san
潺	san
潼	dou
潽	ho
潾	kiyoi
澀	shibui
澁	shibui
澂	sumu
澃	kiyoi
澄	sumu
澆	sosogu
澇	oonami
澈	kiyoi
澋	meguru
澌	tsukiru
澍	uruou
澎	hou
澐	un
澑	shitataru
澒	kou
澓	fuku
澔	hiroi
澖	hateganai
澗	tani
澙	kata
澚	oki
澟	samui
澠	shou
澡	arau
澣	arau
澤	sawa
澥	kai
澦	yo
澧	rei
澨	tsukiji
澪	mio
澮	kai
澯	kiyoi
澰	nagisa
澱	ori
澳	kuma
澵	shin
澶	sen
澹	awai
澼	tadayoi
激	hageshii
濁	nigoru
濂	usui
濃	koi
濅	uruou
濆	waku
濇	todokooru
濈	yawaragu
濊	kai
濔	dei
濕	shimeru
濘	nukaru
濚	ogawa
濞	hi
濟	sumu
濠	hori
濡	uruou
濤	nami
濨	shi
濩	kaku
濫	midareru
濬	sarau
濮	hoku
濯	arau
濰	i
濱	hama
濳	hisomu
濵	hama
濶	hiroi
濹	boku
濺	sosogu
濼	roku
濽	san
濾	kosu
瀀	atsui
瀁	you
瀅	ogawa
瀆	mizo
瀇	ou
瀉	sosogu
瀋	shiru
瀍	ten
瀏	kiyoi
瀑	niwakaume
瀒	shiburu
瀓	chou
瀕	hotori
瀗	ken
瀘	ro
瀚	hiroi
瀛	umi
瀝	shitataru
瀞	kyoi
瀟	kiyoshi
瀠	nagareru
瀣	mizu
瀦	mizutamari
瀧	taki
瀨	se
瀬	se
瀯	ogawa
瀰	nagareru
瀲	ukabu
瀴	hukai
瀷	nagare
瀹	hitasu
瀼	jou
瀾	nami
灃	fuu
灄	shou
灈	ku
灉	you
灊	sen
灋	nori
灌	sosogu
灎	nami
灑	sosogu
灔	nami
灕	shimikomu
灘	se
灝	mamejiru
灞	hatagashira
灣	irikomu
灤	nagareru
灥	takusannoizumi
灧	nami
灩	nami
火	hi
灬	retsuka
灮	hikaaru
灯	hi
灰	hai
灵	tama
灶	kama
灸	yaito
灼	yaku
災	wazawai
灾	wazawaai
炁	ki
炅	arawareru
炆	atataka
炉	irori
炊	taku
炎	honoo
炒	iru
炔	kei
炕	aburu
炖	ton
炗	hikaaru
炘	aburu
炙	aburu
炛	terusu
炤	teru
炫	hikaru
炬	taimatsu
炭	sumi
炮	aburu
炯	akiraka
炰	hou
炱	susu
炳	akiraka
炴	you
炷	toushin
炸	ageru
点	bochi
為	tsukuru
烈	hageshii
烉	akiraka
烊	aburu
烋	saiwai
烏	karasu
烑	hikaru
烓	kamado
烔	atsui
烕	horobiru
烖	wazawaai
烘	kagaribi
烙	yaku
烜	kawakasu
烝	musu
烟	kemuri
烤	aburu
烬	jin
烱	akiraka
烹	niru
烺	hi
烽	noroshi
焃	akai
焄	ibusu
焅	kawakasu
焆	etsu
焇	kawasu
焉	izukunso
焋	sou
焌	yaku
焏	sumiyaka
焔	honoo
焕	akiraka
焙	aburu
焚	yaku
焜	kagayaku
焞	akiraka
焠	yaku
無	nai
焦	kogeru
焫	yaku
焭	hitorimono
焯	akiraka
焰	honoo
焱	honoo
然	moeru
焸	ko
焻	shou
焼	yaku
煁	kamado
煅	kitaaeru
煆	atsui
煇	hikari
煉	neru
煊	atataka
煋	atsui
煌	kagayaku
煎	iru
煐	ei
煑	niru
煒	i
煕	hikari
煖	atatameru
煗	atataka
煙	kemuri
煚	hi
煜	kagayaku
煞	korosu
煠	yaku
煢	kei
煤	susu
煥	akiraka
煦	atatameru
照	teru
煨	uzumibi
煩	wazurau
煬	aburu
煮	niru
煴	ikire
煹	noroshi
煽	aoru
熀	sakan
熄	kieru
熅	uzumibi
熇	atsui
熈	hikaru
熊	kuma
熌	moeagaru
熏	fusuberu
熒	hikari
熔	igata
熕	oozutsu
熖	honoo
熙	hikari
熚	hitsu
熛	hyou
熟	ureru
熠	higari
熢	noroshi
熨	osaeru
熬	iru
熯	gawaku
熰	maruyaki
熱	atsui
熲	higari
熳	migarini
熹	aburu
熺	akarui
熾	sakan
熿	kagayaku
燀	taku
燁	sakan
燃	moeru
燄	honoo
燈	tomoshibi
燉	akiraka
燋	taimatsu
燌	taku
燎	kagaribi
燐	onibi
燒	yaku
燓	yaku
燔	yaku
燕	tsubame
燖	niru
燗	kan
燙	atatameru
燚	itsu
燜	mon
營	itonamu
燠	atatakai
燥	kawaku
燦	akiraka
燧	hiuchi
燬	yaku
燭	tomoshibi
燮	yawarageru
燵	tatsu
燸	atatameru
燹	nobi
燻	fusuberu
燼	moenokori
燾	terasu
燿	kagayaku
爀	akai
爆	sakeru
爇	yaku
爈	yaku
爉	rou
爍	tokasu
爐	irori
爓	hikari
爗	sakan
爚	yaku
爛	tadareru
爝	taimatsu
爟	yaku
爤	tadareru
爨	kashigu
爪	tsume
爫	tsumekanmuri
爬	kaku
爭	arasou
爯	tonahe
爰	kokoni
爲	tsukuru
爴	tsukamu
爵	sakazuki
父	chichi
爸	ha
爹	ta
爺	chichi
爻	majiwaru
爼	manaita
爽	akiraka
爾	nanji
爿	dai
牀	yuka
牁	kui
牂	mehitsuji
牃	yuzuriha
牅	kakine
牆	kaki
片	kata
版	ita
牋	fuda
牌	fuda
牎	mado
牏	chu
牐	itagakoi
牒	fuda
牓	huda
牔	nokiita
牕	mado
牖	mado
牘	fuda
牙	kiba
牚	hashira
牛	ushi
牜	ushihen
牝	mesu
牞	kyuu
牟	musaboru
牠	ta
牡	osu
牢	hitoya
牣	misaru
牧	maki
牨	oushi
物	mono
牫	kiru
牬	hai
牮	tsutsupori
牯	oushi
牱	ka
牲	ikenie
牴	fureru
牷	ikenie
牸	mesu
特	oushi
牻	madara
牼	kou
牽	hiku
牾	sakarau
牿	ori
犀	sai
犁	suki
犂	suki
犄	i
犇	hashiru
犉	jun
犍	ken
犎	hou
犒	negirau
犓	su
犖	madaraushi
犛	karaushi
犠	ikenie
犢	koushi
犧	ikenie
犨	shuu
犬	inu
犭	kemonohen
犮	hatsu
犯	okasu
犱	keki
犲	yamainu
犴	kan
状	katachi
犹	nao
犾	gin
狀	jou
狁	in
狂	kuruu
狃	nareru
狄	ebisu
狆	chin
狇	boku
狉	kodanuki
狌	shiyoujiyou
狎	nareru
狐	kitsune
狒	hihi
狕	ou
狖	yuu
狗	inu
狘	ketsu
狙	nerau
狛	koma
狝	sen
狟	kan
狠	motoru
狡	zurui
狢	mujina
狥	tonaeru
狩	karu
独	hitori
狭	semai
狳	yo
狴	hei
狷	tamerau
狸	tanuki
狹	semai
狺	gen
狻	san
狼	ookami
狽	hai
狾	sei
猂	takashi
猄	kei
猅	hai
猇	ou
猊	gei
猋	hyou
猍	tanuki
猒	akiru
猓	ka
猖	kuruu
猗	au
猘	sei
猙	sou
猛	takeshi
猜	netamu
猝	niwaka
猞	sha
猟	kari
猢	ko
猤	takeshii
猥	midari
猧	chin
猨	saru
猩	akairo
猪	inoshishi
猫	neko
猬	harinezumi
献	tatematsuru
猯	inoshishi
猱	saru
猲	ookami
猴	saru
猵	hen
猶	nao
猷	hakaru
猺	you
猻	saru
猽	bei
猾	warugashiko
猿	saru
獃	oroka
獄	hitoya
獅	shishi
獊	sou
獍	kagami
獎	susumeru
獏	baku
獐	noro
獒	inu
獖	fun
獗	takeru
獘	hei
獝	kuruu
獞	tou
獟	gyou
獠	kari
獣	kemono
獦	ookami
獧	haneodoru
獨	hitori
獩	wai
獪	warugashiko
獫	ken
獬	kai
獮	kari
獯	kun
獰	warui
獱	hin
獲	eru
獵	kari
獶	nyou
獷	arai
獸	kemono
獹	inu
獺	kawauso
獻	tatematsuru
獼	saru
玀	ra
玁	ken
玃	oozaru
玄	kuro
玅	tae
玆	shigeru
率	hikiiru
玉	tama
王	kimi
玎	tei
玐	hatsu
玓	hikaru
玕	kan
玖	kyuu
玗	u
玘	tama
玜	tama
玞	fu
玟	bin
玠	kai
玢	tama
玥	getsu
玦	ketsu
玩	moteasobu
玪	kan
玫	bai
玭	hin
玲	rei
玳	taimai
玵	gan
玷	kakeru
玹	ishi
玻	ha
玼	azayaka
玽	kou
玿	shou
珀	haku
珂	kutsuwagai
珅	shin
珆	i
珈	ka
珉	bin
珊	san
珋	ishi
珌	kazari
珍	mezurashii
珎	mezurashii
珏	kaku
珒	tama
珓	kou
珖	tama
珙	kyou
珝	tama
珞	raku
珠	tama
珡	koto
珢	utsukushii
珣	tama
珥	mimidama
珦	kyou
珧	tairagi
珩	kou
珪	tama
班	wakeru
珮	obidama
珱	ei
珴	ga
珵	tei
珷	bu
珸	go
珹	tama
珺	kun
珻	tama
珽	tei
現	arawareru
珿	hitoshii
琀	hukumidama
琁	zen
球	tama
琄	tama
琅	rou
理	suji
琇	shuu
琉	ryuu
琊	ya
琑	chiisai
琚	kyo
琛	takara
琢	migaku
琤	sou
琥	ko
琦	tama
琨	kon
琩	mimidama
琪	tama
琫	hou
琬	en
琭	tama
琮	sou
琯	kan
琰	en
琱	chou
琲	tsuranuku
琳	rin
琴	koto
琵	bi
琶	ha
琹	koto
琺	hou
琿	kon
瑀	u
瑁	bou
瑃	chun
瑄	sen
瑅	tei
瑆	sei
瑇	taimai
瑋	i
瑍	kan
瑑	ukibori
瑒	chou
瑕	kizu
瑗	en
瑙	dou
瑚	ko
瑛	ei
瑜	yu
瑝	kou
瑞	shirushi
瑟	oogoto
瑠	ryuu
瑢	you
瑣	chiisai
瑤	tama
瑦	o
瑧	tama
瑨	shin
瑩	akiraka
瑪	ba
瑫	tou
瑭	tama
瑮	utsukushii
瑯	rou
瑰	ookii
瑱	mimidama
瑲	shou
瑳	migaku
瑶	tama
瑾	kin
璀	sai
璁	sou
璃	ri
璅	sou
璆	kyuu
璇	sen
璉	utsuwa
璋	hishaku
璏	tei
璐	ro
璑	ishi
璒	ishi
璘	rin
璙	shirogane
璚	kei
璜	kou
璞	aratama
璟	ei
璠	tama
璡	shin
璢	ryuu
璣	tama
璦	ai
璧	tama
璨	san
璩	kyo
璪	kazari
璫	mimikazari
璮	tama
璯	kazari
環	tamaki
璱	azayaka
璲	sui
璵	yo
璹	tama
璻	sui
璽	shirushi
璿	sen
瓈	rei
瓉	san
瓊	tama
瓌	tama
瓏	rou
瓐	ro
瓓	ran
瓔	ei
瓘	tama
瓚	san
瓛	kan
瓜	uri
瓞	tetsu
瓟	haku
瓠	hisago
瓢	fukube
瓣	hanabira
瓤	uriwata
瓦	kawara
瓧	dekaguramu
瓨	kou
瓩	kiroguramu
瓪	megahara
瓫	hotogi
瓮	motai
瓯	kame
瓰	deshiguramu
瓱	miriguramu
瓲	ton
瓴	kame
瓶	kame
瓷	kame
瓸	hekutogura
瓺	kame
瓻	kame
瓼	sarake
瓿	kame
甁	kame
甃	shikigawara
甄	sue
甅	senchigura
甆	kame
甌	hotogi
甍	iraka
甎	kawara
甑	koshiki
甒	kame
甓	kawara
甕	kame
甖	hotogi
甗	koshiki
甘	amai
甚	hanahada
甛	umai
甜	umai
甞	nameru
生	haeru
甠	sei
甡	shin
產	umareru
産	umareru
甤	zui
甥	oi
甦	yomigaeru
甧	ooi
用	mochiiru
甩	shutsu
甪	tsuno
甫	hajime
甬	tsune
甯	negai
田	ta
由	yoshi
甲	yoroi
申	mousu
甴	sou
甶	futsu
男	otoko
甸	kari
甹	sewashii
町	machi
画	kagiru
甼	machi
甽	mizo
甾	kame
甿	mou
畀	ataerumono
畃	iitsuke
畄	tomeru
畆	se
畇	tagayasu
畈	han
畉	tagayasu
畊	tagayasu
畋	kari
界	sakai
畍	sakai
畎	mizo
畏	osoreru
畐	fuku
畑	hata
畒	se
畔	aze
畗	michiru
留	tomeru
畚	fugo
畛	aze
畜	takuwaeru
畝	se
畞	se
畟	soku
畠	hata
畡	hate
畢	ami
畤	sakai
略	osameru
畦	une
畧	osameru
畩	kesa
番	tsugai
畫	kagiru
畬	arata
畭	arata
畯	shun
異	koto
畱	toomeru
畲	arata
畳	tatamu
畴	une
畵	kagiru
當	ataru
畷	nawate
畸	hashita
畺	sakai
畻	aze
畼	nobiru
畽	sorowanai
畾	sui
畿	miyako
疁	yakibata
疂	tatamu
疅	sakai
疆	sakai
疇	une
疉	tatamu
疊	tatamu
疋	ashi
疎	utoi
疏	tooru
疐	tsumazuku
疑	utagau
疒	yamaidare
疓	yamu
疔	kasa
疕	dekimono
疙	oroka
疚	yamu
疜	harakudashi
疝	senki
疢	chin
疣	ibo
疤	yamai
疥	hizen
疫	eyami
疱	mogasa
疲	tsukareru
疳	kan
疴	yamai
疵	kizu
疸	oudan
疹	hashika
疺	yaseru
疼	uzuku
疽	kasa
疾	yamai
疿	asemo
痀	semushi
痁	okori
痂	kasabuta
痃	ken
痄	sa
病	yamu
痆	kizu
症	shirushi
痊	ieru
痌	itamu
痍	kizu
痎	okori
痏	uchikizu
痒	kasa
痔	shimogasa
痕	ato
痗	yamu
痘	mogasa
痙	hikitsuru
痛	itamu
痜	kasa
痞	tsukae
痟	zutsuu
痠	itamu
痡	yamu
痢	harakudari
痣	hokuro
痤	enogo
痧	korera
痩	yaseru
痬	oroka
痮	hukureru
痯	yamu
痰	tan
痱	hi
痲	shibireru
痳	senki
痴	oroka
痹	shibireru
痺	shibireru
痼	nagawazu
痾	yamai
痿	naeru
瘀	yamai
瘁	tsukareru
瘂	oshi
瘃	shimoyake
瘄	yamai
瘇	hareru
瘈	kuruu
瘉	ieru
瘊	ibo
瘋	kichigai
瘌	kizu
瘍	kasa
瘏	yamu
瘒	oroka
瘓	yamu
瘕	yamai
瘖	oshi
瘙	kasa
瘛	hikitsuke
瘜	shoku
瘝	yamu
瘞	uzumeru
瘟	eyami
瘠	yaseru
瘡	kasa
瘢	kizu
瘣	yamu
瘤	kobu
瘥	ieru
瘦	yaseru
瘧	okori
瘩	haremono
瘭	haremono
瘮	samuke
瘰	rui
瘲	hikitsuke
瘳	ieru
瘴	shou
瘵	yamu
瘸	ka
瘹	kuruu
瘺	kasa
瘻	semushi
瘼	yamu
癀	kou
癁	yamu
療	iyasu
癃	tsukareru
癄	yaseru
癅	kobu
癆	itamu
癇	hikitsuke
癈	katawa
癉	yasu
癊	in
癋	kaku
癌	gan
癒	ieru
癕	haremono
癖	kuse
癘	eyami
癙	sho
癜	namazu
癟	tobenai
癡	oroka
癢	kayui
癤	kasa
癥	shikori
癧	ruireki
癨	kaku
癩	kattai
癪	shaku
癬	tamushi
癭	kobu
癮	haremono
癯	yaseru
癰	haremono
癱	shibireru
癲	kuruu
癴	yaseru
癶	somuku
癸	mizunoto
発	hanatsu
登	noboru
發	hanatsu
白	shiro
百	momo
皀	kanbashii
皁	shimobe
皃	katachi
的	mato
皅	hae
皆	mina
皇	kami
皈	kaeru
皋	sawa
皌	batsu
皍	tsuku
皎	shiroi
皐	sawa
皓	hikaru
皕	hyoku
皖	kan
皙	shiroi
皚	shiroi
皛	arawareru
皜	kou
皝	kou
皟	kiyoi
皠	shiroi
皢	shiroi
皣	you
皤	ha
皥	akiraka
皦	shiroi
皧	kiyoi
皨	hoshi
皪	shiroi
皭	shiroi
皮	kawa
皰	nikibi
皴	hibi
皷	tsuzumi
皸	hibi
皹	hibi
皺	shiwa
皽	kawa
皿	sara
盁	michiru
盂	hachi
盃	sakazuki
盅	munashii
盆	hachi
盈	michiru
盉	totonoeru
益	masu
盋	wan
盌	wan
盍	oou
盎	hachi
盒	futamono
盔	hachi
盖	kasa
盗	nusumu
盙	fu
盛	moru
盜	nusumu
盞	sakazuki
盟	chikau
盠	hisaji
盡	tsukusu
監	miru
盤	oozara
盥	sosogu
盦	huta
盧	meshibitsu
盨	utsuwa
盪	arau
盬	arashio
目	me
盰	shirome
盱	ku
盲	mekura
直	naosu
盶	motoru
相	ai
盹	shun
盻	niramu
盼	han
盾	tate
眀	miru
省	kaerimiru
眄	nagashime
眆	honoka
眇	sugame
眈	niramu
眉	mayu
眊	kurai
看	miru
県	kakeru
眎	miru
眒	miharu
眔	tou
眕	shin
眗	ku
眙	mitsumeru
眚	sei
眛	kurai
眜	kurai
眞	ma
真	makoto
眠	nemuru
眢	megautsuronasama
眤	nagashime
眥	manajiri
眦	manajiri
眨	matataku
眩	kuramu
眭	ki
眮	mabuchi
眯	kurumu
眴	matataku
眵	manajirioitameru
眶	mabuta
眷	kaerimiru
眸	hitomi
眹	hitomi
眺	nagameru
眼	manako
眽	baku
眾	ooi
着	kiru
睂	mayu
睅	kan
睆	kan
睇	nusumimiru
睊	nusumimiru
睍	ken
睎	ki
睏	nemuru
睒	nusumimiru
睖	miru
睗	inabikari
睚	manajiri
睛	hitomi
睜	metsuki
睞	miru
睟	akiraka
睠	kaerimiru
睡	nemuru
睢	miageru
督	miru
睤	miru
睥	nagashime
睦	mutsumajii
睧	kurai
睨	niramu
睪	ukagaimeru
睫	matsuge
睬	sai
睰	miru
睱	ka
睲	miru
睳	kasumu
睴	mirusama
睹	miru
睺	katame
睽	kei
睾	sawa
睿	akiraka
瞀	bou
瞄	mitsumeru
瞆	mitsukusu
瞋	ikarasu
瞌	kou
瞍	mekura
瞎	mekura
瞑	kurai
瞔	saku
瞕	kasumu
瞖	ei
瞚	matataku
瞞	damasu
瞟	miru
瞠	miharu
瞢	kurai
瞥	betsu
瞧	nusumimiru
瞪	miharu
瞬	matataku
瞭	akiraka
瞮	akiraka
瞯	uwamezukai
瞰	miru
瞱	you
瞳	hitomi
瞵	hitomi
瞶	mitsukusu
瞹	kakureru
瞻	miru
瞼	mabuta
瞽	meshii
瞾	teeru
瞿	miru
矃	nei
矇	meshii
矈	komayaka
矉	niramu
矍	odoroki
矑	miru
矒	kurai
矕	miru
矗	naoi
矙	miru
矚	miru
矛	hoko
矜	awaremu
矞	anaoakeru
矟	hoko
矠	hoko
矢	ya
矣	i
矤	hagu
知	shiru
矦	kou
矧	iwanya
矩	sashigane
矪	kururiya
矬	sa
短	mijikai
矮	hikui
矯	itsuwaru
矰	sou
矱	monosashi
石	ishi
矴	ikari
矸	kinuta
矻	ishi
矼	tobiishi
砂	suna
砅	wataru
砆	ishi
砉	keki
砌	migiri
砍	kiru
砎	katai
砑	suru
砒	hi
研	togu
砕	kudaku
砝	katai
砠	ishama
砡	soroeru
砢	ishizumi
砣	ishi
砥	to
砦	toride
砧	kinuta
砭	ishibari
砮	yajiri
砰	hou
砲	oozutsu
破	yaburu
砵	ou
砷	shin
砺	toishi
砿	aragane
硃	shu
硄	kou
硅	kei
硇	dou
硈	katai
硌	raku
硎	toishi
硏	togu
硒	sei
硙	usu
硜	kou
硝	shou
硞	kaku
硠	rou
硡	kou
硣	kou
硤	kou
硨	sha
硪	iso
硫	iou
硬	katai
确	kaku
硯	suzuri
硲	hazama
硴	kaki
硺	utsu
硼	hou
硾	tsuku
碁	go
碆	ha
碇	ikari
碊	noseru
碌	roku
碍	samatageru
碎	kudaku
碏	tsutsushimu
碑	tateishi
碓	usu
碔	bu
碕	ishibashi
碗	kobachi
碘	ten
碚	tsuchikau
碝	zen
碞	iwa
碟	katsu
碡	toku
碣	ishibumi
碤	ishi
碧	midori
碨	wai
碩	ookii
碪	kinuta
碬	toishi
碭	ishi
碯	menou
碰	butsukaru
碱	ken
碲	tei
碳	tan
碵	seki
確	tashika
碻	tashiika
碼	yaudo
碽	kou
碾	usu
碿	migaku
磁	jishaku
磅	pondo
磆	katsu
磇	hei
磈	kewashii
磉	ishizue
磊	rai
磋	migaku
磌	ten
磎	tani
磐	iwa
磑	usu
磒	ochiru
磓	otosu
磔	saku
磕	kai
磖	rou
磚	kawara
磛	kewashii
磟	riku
磠	suna
磡	kan
磤	in
磦	mine
磧	kawara
磨	migaku
磪	kewashii
磬	uchiishi
磯	iso
磲	kyo
磳	ishi
磴	ishizaka
磶	ishizue
磷	nagareru
磺	aragane
磻	ishi
磽	kou
磿	reki
礀	tani
礁	kakureiwa
礆	kewaashii
礇	iku
礌	otosu
礎	ishizue
礐	kaku
礑	hatato
礒	iso
礙	samatageru
礚	kai
礜	yo
礞	ishi
礟	ishihajiki
礠	ji
礡	majiru
礥	mutsukashii
礦	aragane
礧	rai
礩	ishizue
礪	arato
礫	koishi
礬	ban
礭	muchi
礱	togu
礴	majiru
礵	hiso
示	shimesu
礻	shimesuhen
礼	uya
礽	saiwai
社	yashiro
礿	matsuri
祀	matsuru
祁	ooini
祄	tasukeru
祅	wazawai
祆	ken
祇	kunitsukami
祈	inoru
祉	saiwai
祊	matsuri
祋	hoko
祏	ihai
祐	tasukeru
祑	chitsu
祓	harau
祔	awasematsuru
祕	himeru
祖	jiji
祗	tsutsushimu
祘	kazoeru
祙	oni
祚	saiwai
祛	harau
祜	saiwai
祝	iwau
神	kami
祟	tatari
祠	hokora
祢	katashiro
祥	saiwai
祧	chou
票	fuda
祩	norou
祫	matsuru
祭	matsuru
祲	shin
祷	inoru
祹	saiwai
祺	saiwai
祻	matsuri
祼	matsuri
祾	itsukushimi
祿	saiwai
禀	komegura
禁	todomeru
禄	fuchi
禅	yuzuru
禊	misogi
禋	matsuru
禌	ikou
禍	wazawai
禎	saiwai
福	saiwai
禑	saiwai
禓	matsuri
禔	saiwai
禕	yoi
禖	bai
禘	matsuri
禛	ukeru
禜	ei
禝	shoku
禡	matsuri
禦	fusegu
禧	saiwai
禨	kizashi
禩	shi
禪	yuzuru
禫	matsuri
禮	rei
禯	matsuri
禰	katashiro
禱	inoru
禳	harau
禴	matsuri
禸	ashiato
禹	mushi
禺	onagasaru
离	chi
禽	toriko
禾	ine
禿	hage
秀	hiideru
私	watashi
秂	jin
秃	hage
秄	tsuchikau
秇	gei
秈	uruchi
秉	toru
秊	toshi
秋	aki
种	osanai
秏	kou
科	shina
秒	nogi
秔	uruchi
秕	shiina
秖	minoru
秘	himeru
秘密	himitsu
秚	yawaragu
秝	narabu
秞	shigeru
租	mitsugi
秠	kurokibi
秡	hatsu
秢	yohai
秣	magusa
秤	hakari
秥	ine
秦	shin
秧	nae
秩	tsuide
秪	minoru
秫	mochiawa
秬	kurokibi
秭	shi
称	hakaru
秱	tou
秸	wara
移	utsuru
秼	norofu
稀	mare
稂	imigara
稃	momigara
稅	mitsugi
稇	ureru
稈	wara
稉	uruchi
稊	inubie
程	hodo
稌	ine
稍	youyaku
税	mitsugi
稑	wase
稔	minoru
稕	warataba
稗	hie
稘	hitotose
稙	hayai
稚	osanai
稛	kukuru
稜	kado
稞	mugi
稟	komegura
稠	shigeru
稡	atsumaru
稧	wara
稫	shigeru
稭	wara
種	tane
稯	taba
稰	sho
稱	hakaru
稲	ine
稳	odayaka
稴	uruchi
稵	ueru
稷	kibi
稸	tsumu
稹	shigeru
稺	okute
稻	ine
稼	minori
稽	todomeru
稾	wara
稿	wara
穀	tanatsumotsu
穂	ho
穃	you
穄	kurokibi
穅	nuka
穆	yawaragu
穇	hie
穈	bon
穉	osanai
穌	kakiatsumeru
積	tsumu
穎	hosaki
穏	odayaka
穐	aki
穕	shou
穖	ki
穗	ho
穙	shigeru
穜	okute
穝	sai
穟	ho
穠	shigeru
穡	toriire
穢	kegareru
穣	yutaka
穥	ueru
穧	kariine
穩	odayaka
穪	tonaeru
穫	karu
穭	ryo
穰	yutaka
穴	ana
穵	ana
究	kiwameru
穸	yoru
穹	sora
空	sora
穽	otoshiana
穾	hukai
穿	ugatsu
窀	atsui
突	tsuku
窂	michiru
窃	nusumu
窄	semai
窅	you
窆	houmuru
窈	kurai
窊	kubomu
窋	chutsu
窐	utsuro
窑	kama
窒	fusagu
窓	mado
窔	hukai
窕	utsukushii
窖	anagura
窗	mado
窘	kurushimu
窞	ana
窟	iwaya
窠	su
窣	sotsu
窩	muro
窪	kubo
窬	kugurido
窮	kiwameru
窯	kama
窰	kama
窳	kubomu
窵	okuhukai
窶	yatsureru
窹	kamado
窺	ukagau
窻	mado
窼	negura
窿	yuminari
竃	kamado
竄	kakureru
竅	ana
竆	kiwaameru
竇	ana
竈	kamado
竉	ana
竊	nusumu
立	tatsu
竌	tadashii
竍	dekaritto
竎	noboru
竏	kirorittoru
竑	hiroi
竒	kushi
竓	miririttoru
竕	deshiritto
站	tatsu
竚	tatazumu
竛	iku
竜	tatsu
竝	naraberu
竟	owaru
章	aya
竡	hekutoritto
竢	matsu
竣	owaru
童	warabe
竦	tsutsushimu
竨	takakukewashii
竩	yoshimi
竪	tatsu
竫	yasuraka
竬	tatsu
竭	tsukiru
端	hashi
竰	senchiritto
竱	hitoshii
竴	yorokobusama
競	kisou
竸	kisou
竹	take
竺	take
竻	soji
竼	toma
竽	hue
竾	hue
竿	sao
笂	utsubo
笄	kougai
笆	ibaratake
笇	kazoeru
笈	oi
笊	zaru
笋	takenoko
笏	shaku
笑	warau
笔	hude
笘	muchi
笙	fue
笛	fue
笞	muchi
笟	taga
笠	kasa
笣	hou
笥	hako
符	warifu
笧	shigaramu
笨	arai
笩	tobiagaru
笪	utsu
笫	yuka
第	tsuide
笭	chiriyoke
笮	semai
笯	torikago
笰	ooi
笱	kou
笳	ashibue
笴	yagara
笵	nori
笶	ya
笹	sasa
笽	souke
笿	wankago
筀	take
筁	kahikonosu
筅	sasara
筆	fude
筇	take
筈	yahazu
等	hitoshii
筋	suji
筌	ue
筍	takenoko
筎	makihada
筏	ikada
筐	kago
筑	hirou
筒	tsutsu
答	kotaeru
筕	takemushiro
策	muchi
筝	koto
筠	take
筤	kago
筥	hako
筦	hue
筧	kakei
筩	tou
筪	take
筬	osa
筭	soroban
筮	medogi
筯	hashi
筰	semaru
筱	shino
筲	hugo
筳	itokuda
筴	medogi
筵	mushiro
筷	hashi
筺	kago
筿	shino
箄	kago
箆	hera
箇	ko
箉	kai
箋	fuda
箍	taga
箎	ko
箏	koto
箐	sei
箑	ougi
箒	houki
箔	sudare
箕	mi
箖	take
算	kazoeru
箘	shinodake
箙	ebira
箚	sasu
箛	hue
箜	kou
箝	hasamu
箞	tawameru
箟	shinodake
箠	take
管	kuda
箥	ha
箪	hako
箬	takenokawa
箭	ya
箯	takegoshi
箰	takenoko
箱	hako
箲	sasara
箴	hari
箵	sei
箶	take
箸	hashi
箺	take
箻	ritsu
箼	shigeru
箽	take
節	fushi
篁	takamura
篂	sei
範	nori
篅	zaru
篆	koshikishiba
篇	maki
篈	hou
築	kizuku
篊	toi
篋	hako
篌	kou
篏	hasamu
篔	take
篖	tou
篗	waku
篙	sao
篚	hako
篛	takenokawa
篝	fusego
篠	shino
篡	ubau
篤	atsui
篥	ritsu
篦	hera
篨	takemushiro
篩	furui
篪	hue
篭	kago
篲	houki
篳	magaki
篴	hue
篵	sou
篶	en
篷	toma
篸	sorowanai
篹	katami
篺	ikada
篼	kaibaoke
篾	betsu
簀	su
簁	hurui
簂	kataminomono
簃	wakibeya
簄	ko
簆	osa
簇	muragaru
簉	soeru
簋	ki
簌	hurui
簍	rou
簎	yasu
簏	hako
簑	mino
簒	ubau
簓	sasara
簔	mino
簗	yana
簘	fue
簙	sugoroku
簛	furui
簞	hako
簟	takamushiro
簠	fu
簡	fuda
簣	ajika
簥	kyou
簦	kasa
簧	shita
簨	yokogi
簪	kanzashi
簫	fue
簬	take
簱	hata
簳	shino
簴	kyo
簶	roku
簷	hisashi
簸	hiru
簹	take
簺	sogo
簽	kago
簾	sudare
簿	choumen
籀	yomu
籃	kago
籆	itowaku
籊	teki
籌	kazutori
籍	fumi
籏	hata
籐	tou
籑	sen
籒	yomu
籓	han
籔	komeagesa
籕	ryuu
籖	kuji
籘	tou
籙	honbako
籚	e
籛	take
籜	takenokawa
籝	kago
籞	tomeba
籟	fue
籠	kago
籡	shinshi
籣	ebira
籤	kuji
籥	fue
籧	kyo
籩	takatauki
籬	magaki
籭	furubi
籮	mi
籰	itowaku
籲	yobu
米	kome
籵	dekameetoru
籹	jo
籼	uruchi
籽	shi
籾	momi
粁	kiromeetoru
粂	kume
粃	shiina
粆	sa
粇	nuka
粉	kona
粋	iki
粍	mirimeetoru
粏	nukamiso
粐	ro
粒	tsubu
粔	go
粕	kasu
粗	arai
粘	nebaru
粛	tsutsushimu
粞	kogome
粟	awa
粠	sukumo
粡	chimaki
粢	kibi
粤	kokoni
粥	kayu
粦	rin
粧	yosoou
粨	hekutomeetoru
粫	ji
粭	sukumo
粮	kate
粰	okoshi
粱	awa
粲	ii
粳	uruchi
粵	kokoni
粶	hazekome
粷	kona
粹	iki
粺	shirageyone
粻	kate
粼	seseragi
粽	chimaki
精	shirageyone
粿	shirageyone
糀	kouji
糂	konagaki
糄	kome
糅	majiru
糇	hoshiii
糈	kate
糉	chimaki
糊	nori
糍	shi
糎	senchimeeto
糏	kogome
糒	hoshiii
糓	koku
糔	shiru
糕	konamochi
糖	ame
糗	irigome
糘	sukumo
糙	kurogome
糚	yosoou
糜	kayu
糝	konagaki
糞	kuso
糟	kasu
糠	nuka
糢	kata
糤	okoshi
糦	sakesakana
糧	kate
糩	nuka
糫	mochi
糯	mochigome
糰	dango
糲	kurogome
糴	kaiyone
糵	getsu
糶	uriyone
糸	ito
糺	azanau
系	tsunagu
糾	azanau
紀	osameru
紂	shirigai
紃	himo
約	tsuzumeru
約束	yakusoku
紅	beni
紆	magaru
紇	kotsu
紈	shiroginu
紉	nawa
紊	midareru
紋	aya
納	osameru
紏	tsugeru
紐	himo
紑	azayaka
紒	yuu
紓	yurui
純	kiito
紕	fuchikazari
紖	chin
紗	usuginu
紘	oozuna
紙	kami
級	shina
紛	magireru
紜	midareru
紝	hataito
紞	himo
素	shiroginu
紡	tsumugu
索	nawa
紣	sai
紦	kinu
紪	kinunoaya
紫	murasaki
紬	tsumugu
紭	aminotsuna
紮	tabaneru
累	shibaru
細	hosoi
紱	himo
紲	kizuna
紳	ooobi
紵	ichibi
紹	tsugu
紺	kon
紼	tsuna
紽	ta
紾	motoru
紿	azamuku
絀	akai
絁	tsumugi
終	owaru
絃	ito
組	kumu
絅	hikishimeru
絆	kizuna
絇	kutsukazari
絈	tsutsumu
絋	wata
経	heru
絍	hataito
絎	kukeru
絏	kizuna
結	musubu
絑	shiyu
絓	kakaru
絕	taeru
絖	wata
絗	itogameguru
絙	kumihimo
絚	kou
絛	sanada
絜	asa
絝	zubon
絞	shimeru
絡	karamu
絢	aya
絣	kasuri
絥	hi
給	tamau
絧	nuno
絨	neriito
絪	in
絮	wata
絰	tetsu
統	suberu
絲	ito
絳	aka
絵	e
絶	taeru
絸	kinu
絹	kinu
絺	hosonuno
絻	mohuku
絽	ro
絿	kibishii
綁	shibaru
綂	hoobiru
綃	kiito
綅	ito
綆	tsurubinawa
綈	tsumugi
綉	nuitori
綋	tsuna
綌	kuzununo
綍	hitsuginawa
綏	yasui
綑	oru
經	heru
綖	en
綗	hiku
継	tsugu
続	tsuzuku
綛	kase
綜	suberu
綝	tomeru
綞	aya
綟	moji
綠	midori
綢	matou
綣	maku
綦	ayaginu
綧	midareru
綪	sen
綫	suji
綬	himo
維	tsuna
綮	hatajirushi
綯	nau
綰	waganeru
綱	tsuna
網	ami
綳	tabaneru
綴	tsuzuru
綵	ayaginu
綶	matou
綷	sai
綸	ito
綹	ito
綺	aya
綻	hokorobiru
綽	yuruyaka
綾	aya
綿	wata
緂	azayaka
緃	iroginu
緄	obi
緅	shuu
緆	hosonuno
緇	kuro
緊	chijimu
緋	aka
緌	kanmurinohimo
緍	tsuriito
緎	nuikagiri
総	fusa
緑	midori
緒	o
緕	kasuri
緖	o
緗	asagi
緘	tojiru
緙	nuu
線	suji
緜	tsuranaru
緝	tsumugu
緞	donsu
締	shimaru
緡	tsuriito
緢	bou
緣	fuchi
緤	kizuna
緥	mutsuki
緦	nuno
編	amu
緩	yurui
緪	kou
緫	subite
緬	hosoito
緭	kinu
緯	yokoito
緱	tsuka
緲	kasuka
練	neru
緵	ito
緶	toru
緹	akaginu
緺	kai
緻	komakai
緼	hurui
縀	kutsu
縁	fuchi
縂	fusa
縄	nawa
縅	odoshi
縆	kou
縈	meguru
縉	sashihasamu
縊	kubiru
縋	sugaru
縐	chijimi
縑	kinu
縒	yoru
縕	hurui
縗	sai
縛	shibaru
縜	hosohimo
縝	asaito
縞	shiroginu
縟	shigeshi
縠	mojiri
縡	koto
縢	karageru
縣	kakeru
縦	tate
縧	sanada
縨	horo
縫	nuu
縬	chijimu
縭	kagiru
縮	chijimu
縯	nagai
縱	tate
縲	shibaru
縳	shiroginu
縴	wata
縵	yuruyaka
縶	tsunagu
縷	ito
縹	hanadairo
縺	motsureru
縻	kizuna
總	fusa
績	tsumugu
縿	hataashi
繁	shigeshi
繃	tsukane
繄	hokobakuro
繅	kuru
繆	tsukaneru
繇	shitagau
繈	zenisashi
繊	hosoi
繋	tsunagu
繍	nuitori
繎	motsureru
繐	kei
繒	kinu
織	oru
繕	tsukurou
繖	kasa
繘	tsurubinawa
繙	himotoku
繚	meguru
繝	aya
繞	matou
繟	yurui
繡	nuitori
繢	oriamari
繤	atsumeru
繥	warafu
繦	zenisashi
繧	un
繩	nawa
繪	shishuumoyo
繫	tsunagu
繭	mayu
繮	tazuna
繯	karamu
繰	kuru
繳	kaesu
繸	himo
繹	nuku
繻	usuginu
繼	tsugu
繽	hin
繾	teatsui
繿	ran
纁	usuiakairo
纂	atsumeru
纃	kasuri
纆	nawa
纇	hushiito
纈	shibori
纉	tsugu
纊	nume
續	tsuzuku
纍	tsuzuru
纎	hosoi
纏	matou
纐	kou
纑	nunoito
纒	matou
纓	kazarihimo
纔	wazuka
纕	udemakurisuru
纖	hosoi
纘	tsugu
纚	kamizutsumi
纛	hataboko
纜	tomozuna
纝	matofu
纞	tsuzuku
纮	oozuna
纻	ichibi
绹	nau
缐	suji
缶	hotogi
缷	orosu
缸	kame
缺	kakeru
缻	fu
缼	kaakeru
缽	hachi
缾	bin
缿	zenigame
罃	ou
罄	munashii
罅	hibi
罇	kame
罌	motai
罍	sakadaru
罎	bin
罏	sakadaru
罐	kan
网	ami
罒	yonkashira
罓	yonkashira
罔	ami
罕	mare
罘	usagiami
罛	uoami
罜	ami
罝	ami
罟	ami
罠	ami
罡	kou
罣	kakeru
罤	isagiami
罥	kakeru
罦	ami
罧	fushizuke
罨	ami
罩	komeru
罪	tsumi
罫	kei
罭	yoku
置	oku
罰	tsumi
罱	gun
署	yakuwari
罵	nonoshiru
罶	yana
罷	yameru
罸	togameru
罹	kakaru
罽	uoami
罾	sou
罿	musouami
羀	yana
羂	wana
羃	ooi
羅	ami
羆	higuma
羇	omogai
羈	omogai
羊	hitsuji
羋	ba
羌	ebisu
羍	tatsu
美	utsukushii
羏	yoi
羐	michibiku
羑	michibiku
羔	kohitsuji
羖	hitsuji
羗	ebisu
羘	ohitsuji
羚	kamoshika
羜	kohitsuji
羝	ohitsuji
羞	susumeru
羡	urayamu
羢	jou
羣	muragaru
群	muragaru
羦	kan
羨	urayamu
義	yoi
羪	yashinau
羭	yu
羮	atsumono
羯	katsu
羲	iki
羴	namagusai
羶	namagusai
羸	tsukareru
羹	atsumono
羼	majiriau
羽	ha
羿	gei
翀	tobiagaru
翁	okina
翃	kou
翅	tsubasa
翆	kawasemi
翈	hane
翊	ake
翌	tobu
翎	hane
翏	ryuu
習	narau
翔	kakeru
翕	au
翛	hayai
翟	kiji
翠	kawasemi
翡	kawasemi
翣	hitsugikazari
翥	agaru
翦	kiru
翨	arai
翩	hirugaeru
翫	moteasobu
翬	tobu
翮	hanenomoto
翯	tsuyagaaru
翰	yamadori
翲	tobu
翳	kinugasa
翹	tsumadateru
翺	kakeru
翻	hirugaeru
翼	tsubasa
翽	habataki
翾	tobu
翿	hataboko
耀	kagayaku
老	oiru
考	kangaeru
耄	oiboreru
者	mono
耆	oiru
耇	oiru
耈	oiru
耉	oiru
耊	tetsu
耋	toshori
而	shikoushite
耍	subayai
耎	yowai
耏	hoohige
耐	taeru
耑	hashi
耒	suki
耓	sukinoha
耔	tsuchikau
耕	tagayasu
耖	tagayasu
耗	heru
耘	kusagiru
耙	ha
耜	suki
耝	suki
耞	karazao
耟	sukinoha
耠	tagayasu
耡	suku
耤	kariru
耦	gou
耨	kuwa
耬	rou
耮	rou
耰	narasu
耳	mimi
耴	chou
耵	mimikuso
耶	ya
耷	tou
耹	oto
耺	miminari
耻	hajiru
耼	tan
耽	fukeru
耾	sasayaku
耿	hikari
聀	shoku
聄	shin
聆	kiku
聊	isasaka
聒	kamabisushi
聖	hijiri
聘	tou
聚	atsumaru
聞	kiku
聟	muko
聠	tojiru
聡	satoi
聢	shikato
聤	mimidare
聦	satoi
聨	tsuraneru
聫	tsuranaru
聭	hajiru
聮	tsuranaru
聯	tsuranaru
聰	satoi
聱	kikanai
聲	koe
聳	sobieru
聴	kiku
聵	tsunbo
聶	sasayaku
職	tsukasa
聹	mimiaka
聼	kiku
聽	kiku
聾	tsunbo
聿	fude
肁	hajime
肄	narau
肅	tsutsushimu
肆	tsuraneru
肇	hajimeru
肈	hajime
肉	shishi
肋	abara
肌	hada
肎	gaenjiru
肓	munamoto
肖	niru
肘	hiji
肚	hara
肛	hareru
肜	matsuri
肝	kimo
肞	sa
股	mata
肢	teashi
肥	koeru
肦	takai
肧	haramu
肩	kata
肪	koeru
肫	hoobone
肬	ibo
肭	koeru
肯	ubenau
肱	hiji
育	sodateru
肴	sakana
肸	hirogaru
肹	hi
肺	hai
胃	ibukuro
胄	yotsugi
胆	kimo
胈	hatsu
胊	ku
背	se
胍	ko
胎	haramu
胏	shi
胒	dei
胔	shi
胕	harawata
胖	yutaka
胗	kuchinohibi
胘	i
胙	himorogi
胚	haramu
胛	kaigaraho
胝	tako
胞	ena
胠	wakinoshita
胡	nanzo
胤	tane
胥	ai
胭	nodo
胮	hou
胯	mata
胰	seniku
胱	kou
胲	oyayubi
胳	waki
胴	dou
胶	koe
胸	mune
胹	niru
胺	niou
胼	akagire
能	atau
胾	kirimi
脂	abura
脃	moroi
脅	obyakasu
脆	moroi
脇	waki
脈	suji
脉	suji
脊	se
脋	obiyaakasu
脖	hotsu
脗	au
脘	kan
脚	ashi
脛	sune
脜	yawaragu
脞	komakai
脠	hishiho
脣	kuchibiru
脤	himorogi
脧	heru
脩	osameru
脫	nugu
脬	boukou
脯	hojishi
脰	unaji
脱	nugu
脳	noumiso
脵	mata
脹	fukureru
脺	moroi
脼	hojishi
脾	hizou
腁	akagire
腅	niku
腆	atsui
腇	ueru
腊	hojishi
腋	waki
腌	shiozuke
腎	kaname
腐	kusaru
腑	harawata
腒	hojishi
腓	komura
腔	utsuro
腕	ude
腗	hi
腘	hikagami
腟	chitsu
腠	kime
腡	ra
腥	namagusai
腦	nou
腧	shu
腨	komura
腩	dan
腫	hareru
腭	haguki
腮	ago
腯	koeru
腰	koshi
腱	ken
腴	koeru
腷	komoru
腸	harawata
腹	hara
腺	sen
腽	otsu
腿	momo
膀	wakibara
膁	umai
膂	sebone
膃	otsu
膄	yaseru
膅	tou
膆	koeru
膈	munenouchi
膊	hojishi
膋	aburu
膌	seki
膎	hojishi
膏	abura
膐	sebone
膓	harawata
膕	hikagami
膖	hareru
膘	abara
膚	hada
膛	tou
膜	maku
膝	hiza
膞	kirimi
膠	nikawa
膢	rou
膣	chitsu
膤	tara
膨	fukuramu
膩	abura
膮	atsumono
膰	himorogi
膲	minowata
膳	susumeru
膴	hojishi
膵	sui
膸	ana
膺	mune
膻	kimo
膽	kimo
膾	namasu
膿	umi
臀	shiri
臂	hiji
臃	haremono
臅	shoku
臆	mune
臈	rou
臉	mabuta
臊	abura
臋	shiri
臍	hozo
臎	sui
臏	hin
臑	sune
臓	harawata
臕	hyou
臗	karada
臘	rou
臙	nodo
臚	kawa
臛	atsumono
臝	hadaka
臞	yaseru
臟	harawata
臠	kirimi
臡	hishio
臣	omi
臤	katai
臥	fusu
臧	yoi
臨	nozomu
自	mizukara
臫	tsutsushimu
臭	kusai
臰	kusaai
臱	ben
臲	ayaui
至	itaru
致	itasu
臵	itaru
臶	hutatabi
臸	itaru
臹	narau
臺	utena
臻	itaru
臼	usu
臽	otoshiana
臾	kubomi
臿	usujiku
舀	kumu
舁	kaku
舂	usuzuku
舃	kasasagi
舄	kasasagi
舅	shuuto
與	kumisuru
興	okoru
舉	ageru
舊	hisashii
舌	shita
舍	yadoru
舎	yadoru
舏	nametoru
舐	nameru
舒	noberu
舓	nameru
舔	nameru
舖	mise
舗	shiku
舘	yakata
舙	tahakaru
舚	ten
舛	somuku
舜	hirugao
舝	kusabi
舞	mau
舟	fune
舡	hune
舢	san
舨	han
舩	fune
航	wataru
舫	moyaibune
般	meguru
舮	hesaki
舲	kobune
舳	tomo
舴	taku
舵	kaji
舶	oubune
舷	funabata
舸	fune
船	fune
舺	hune
艀	hashike
艃	ri
艄	tomo
艅	yo
艆	fune
艇	fune
艋	hune
艎	hune
艏	hune
艑	hen
艖	kobune
艘	fune
艙	sou
艚	fune
艜	tai
艝	sori
艟	ikusabune
艠	yofune
艢	shou
艣	kai
艤	funayosooi
艦	ikusabune
艧	fune
艨	ikusabune
艪	kai
艫	hesaki
艭	sou
艮	ushitora
良	yoi
艱	nayamu
色	iro
艴	okoru
艶	namamekashii
艷	namamekashii
艸	kusa
艻	yubinomata
艽	areno
艾	yomogi
艿	jou
芀	shou
芁	kou
芃	sakan
芄	gagaimo
芇	ataru
芈	ba
芉	hatomugi
芊	shigeru
芋	imo
芍	kurokuwai
芎	kyuu
芑	chisa
芒	nogi
芔	kusa
芖	osameru
芘	hi
芙	hasu
芚	ton
芛	i
芝	shiba
芟	karu
芠	yukinoshita
芡	ken
芣	sakan
芤	negi
芥	karashi
芦	ashi
芧	mikuri
芨	sokuzu
芩	jishibari
芪	hanasuge
芫	satsumafuji
芬	koubashii
芭	hana
芮	zei
芯	hosoi
芰	hishi
花	hana
芲	hana
芳	kanbashii
芴	butsu
芷	kusa
芸	waza
芹	seri
芺	azami
芻	magusa
芼	habikoru
芽	me
芾	hi
芿	jou
苅	karu
苆	susa
苐	tsubana
苑	sono
苒	zen
苓	miminagusa
苔	koke
苕	endou
苗	nae
苙	ori
苚	you
苛	komakai
苜	boku
苞	tsuto
苟	iyashikumo
苠	ooi
苡	i
苢	kusa
苣	taimatsu
苤	hi
若	moshikuha
苦	nigai
苧	karamushi
苨	tsuriganesou
苪	akiraka
苫	toma
苭	you
苯	hon
英	hanabusa
苳	fuki
苴	tsuto
苶	tsukareru
苷	kan
苹	ukikusa
苺	ichigo
苻	saya
苽	makomo
苾	kaoru
茀	husagu
茁	mebae
茂	shigeru
范	hachi
茄	nasu
茅	kaya
茆	menawa
茇	ne
茈	murasaki
茉	matsu
茊	koko
茋	tsuriganesou
茍	kyoku
茎	kuki
茖	yamanira
茗	cha
茘	oonira
茛	torikabuto
茜	akane
茝	yoroigusa
茞	shin
茟	akaza
茡	u
茢	ashinoho
茣	go
茨	ibara
茫	tooi
茬	shigeru
茭	magusa
茮	naruhajikami
茯	fuku
茰	yu
茱	gumi
茲	shigeru
茳	kou
茴	kai
茵	shitone
茶	cha
茷	shigeru
茸	shigeru
茹	kuu
茺	shuu
茼	shiyungiku
茽	muragaru
荀	jun
荂	hana
荃	karashiae
荄	ne
荅	azuki
荆	ibara
荇	hanajunsai
草	kusa
荊	ibara
荍	zeniaoi
荎	chi
荏	e
荐	shikirini
荑	tsubana
荒	areru
荓	byou
荔	oonira
荕	hone
荖	kinma
荗	shoku
荘	ogosoka
荰	to
荳	mame
荵	shinobu
荷	ni
荸	hotsu
荻	ogi
荼	nigana
荽	i
荿	sei
莀	shin
莂	taneomaku
莄	kou
莅	nozomu
莆	fu
莇	kuko
莉	chi
莊	ogosoka
莍	kyuu
莎	hamasuge
莒	imo
莓	ichigo
莔	hahaguri
莕	hanajunsai
莖	kuki
莘	shin
莙	mo
莚	mushiro
莛	kuki
莜	kusatori
莝	kiriwara
莞	i
莟	tsubomi
莠	hagusa
莢	saya
莦	midareru
莧	hiyu
莨	tabako
莩	fu
莪	kitsuneaza
莫	kure
莬	bun
莭	fushi
莱	akaza
莵	usagi
莽	kusa
莾	kusa
莿	toge
菀	sono
菁	kabu
菅	suge
菇	karasuuri
菉	kariyasu
菊	kikunohana
菌	kinoko
菎	kon
菏	kusa
菐	wazurahashii
菑	arechi
菓	kudamono
菔	daikon
菖	shoubu
菘	touna
菜	na
菝	hatsu
菟	usagi
菠	karana
菨	asagi
菩	hotokegusa
菪	onihirugusa
菫	sumire
華	hana
菰	makomo
菱	hishi
菲	usui
菴	iori
菶	hou
菷	harau
菸	en
菹	tsukemono
菻	kitsuneaza
菼	ogi
菽	mame
萁	mamegara
萃	atsumaru
萄	budou
萅	haru
萆	hi
萇	chou
萊	akaza
萋	sei
萌	mebae
萍	ukikusa
萎	naeru
萏	hanayaka
萑	ogi
萓	gi
萕	nazuna
萙	kutabireru
萛	kyuu
萠	mebae
萢	yaji
萩	hagi
萪	kuwa
萬	yorozu
萯	karasuuri
萱	kaya
萵	wa
萸	yu
萹	niwayanagi
萼	utena
落	ochiru
葅	tsukemono
葆	moto
葇	juu
葈	karamushi
葉	ha
葊	iori
葍	hirugao
葎	mugura
葏	shigeru
葑	kabura
葒	ootade
葖	daikon
著	arawasu
葘	arechi
葙	nogeitou
葚	sawara
葛	kuzu
葜	kusa
葠	shin
葡	ho
葢	kasa
董	tadasu
葤	tsutsumu
葥	kiichigu
葦	ashi
葧	shiroyomogi
葩	hana
葪	saku
葫	ninniku
葬	houmuru
葭	ashi
葮	mukuge
葯	yoroigusa
葰	shiyuuga
葱	negi
葳	i
葴	yamaai
葵	aoi
葶	inunazuna
葷	namagusa
葸	yoi
葹	onamomi
葺	fuku
葼	koeda
葽	you
蒁	shutsu
蒂	heta
蒄	kan
蒅	sukumo
蒋	makomo
蒐	akane
蒒	koubaumugi
蒓	nunawa
蒔	ueru
蒕	un
蒖	asaza
蒙	oou
蒜	hiru
蒞	tsuku
蒟	kon
蒡	hou
蒦	hakaru
蒨	akane
蒩	so
蒪	haku
蒭	magusa
蒯	kai
蒱	ho
蒲	gama
蒴	sokuzu
蒸	musu
蒹	ogi
蒺	hamabishi
蒻	mushiro
蒼	ao
蒽	on
蒾	gamazumi
蒿	yomogi
蓀	son
蓁	kusamura
蓂	mei
蓄	takuwaeru
蓆	mushiro
蓇	kotsu
蓈	inuawa
蓉	you
蓊	tou
蓋	kasa
蓌	itsuwaru
蓍	medogi
蓏	uri
蓐	shitone
蓑	mino
蓓	tsubomi
蓖	hi
蓙	za
蓚	shibukusa
蓜	hai
蓧	shino
蓪	akebi
蓬	yomogi
蓮	hasu
蓯	kabura
蓰	shi
蓱	ukikusa
蓲	nunawa
蓴	nunawa
蓷	mehajiki
蓺	gei
蓻	shuu
蓼	tade
蓽	mame
蓿	shuku
蔀	shitomi
蔂	motsuko
蔃	kyou
蔆	hishi
蔇	kike
蔌	na
蔎	kanbashii
蔏	shou
蔐	ogi
蔑	sagesumu
蔓	tsuru
蔔	daikon
蔕	heta
蔗	satoukibi
蔘	ninjin
蔚	otokoyomoki
蔜	hakobi
蔞	yomogi
蔟	mabushi
蔡	akuta
蔢	ha
蔣	makomo
蔤	bitsu
蔥	negi
蔦	tsuta
蔧	houkigusa
蔪	tsutsumu
蔫	shibomu
蔬	aomono
蔭	kage
蔯	kawarayomugi
蔲	kou
蔳	akane
蔴	asa
蔵	kura
蔶	sonoko
蔽	oou
蔿	i
蕀	kyoku
蕁	hanasuge
蕃	shigeru
蕆	imashimeru
蕈	kinoko
蕉	kiasa
蕊	shibe
蕋	shibe
蕎	kyou
蕏	cho
蕐	hana
蕑	hujibakama
蕒	nokeshi
蕓	aburana
蕕	kariganeso
蕖	oyaimo
蕗	fuki
蕘	takigi
蕙	kaorigusa
蕚	utena
蕜	itamu
蕝	setsu
蕞	sai
蕟	hitsu
蕠	jo
蕡	shigeru
蕢	areru
蕣	mukuge
蕤	zui
蕨	warabi
蕩	ugoku
蕪	areru
蕫	tou
蕭	yomogi
蕯	rou
蕰	tsumu
蕳	fujibakama
蕷	yo
蕹	atsumeru
蕺	dokudami
蕻	shigeru
蕽	dou
蕾	tsubomi
蕿	kaya
薀	tsumu
薁	niwaume
薄	usui
薅	kukiotoru
薆	kakusu
薇	zenmai
薈	shigeru
薉	areru
薊	azami
薋	shigeru
薌	kokumotsu
薏	yoku
薐	rou
薑	hajikami
薓	ninjin
薔	mizutade
薗	sono
薘	oobako
薙	karu
薛	kawarayomogi
薜	touki
薝	sen
薟	yabukarashi
薠	hamasuge
薢	kai
薤	rakkyou
薥	rengetsutsuji
薦	susumeru
薧	hakaba
薨	mimakaru
薩	sukuu
薪	takigi
薫	kaoru
薬	kusuri
薭	hie
薮	yabu
薯	imo
薰	kaoru
薴	midareru
薶	uzumeru
薷	kikurage
薸	ukigusa
薹	aburana
薺	nazuna
薼	kawarayomogi
薽	yabutabako
薾	saku
薿	shigiru
藁	wara
藂	kusamura
藇	utsukushii
藉	shiku
藊	fujimame
藋	aoakagi
藍	ai
藎	kobunagusa
藏	kura
藐	haruka
藕	hasunone
藘	ryo
藚	omodaka
藜	akaza
藝	ueru
藟	kazura
藠	rakkyou
藤	fuji
藥	kusuri
藦	ba
藨	mame
藩	magaki
藪	yabu
藭	senkiyuu
藳	wara
藴	tsumu
藶	reki
藷	imo
藹	ooi
藺	i
藻	mo
藼	kaya
藾	oou
藿	kaku
蘀	ochiba
蘂	shibe
蘄	ki
蘅	kou
蘆	ashi
蘇	yomigaeru
蘊	tsumu
蘋	ukikusa
蘍	kaooru
蘎	ki
蘏	kei
蘐	kaya
蘑	hiratake
蘒	hagi
蘓	yomigaeru
蘖	hikobae
蘗	kiwada
蘘	miyouga
蘙	shigeru
蘚	koke
蘛	shigeru
蘞	yabukarashi
蘡	ou
蘢	ouketade
蘧	ku
蘩	shiroyomogi
蘭	fujibaka
蘯	tou
蘰	katsura
蘶	hikobae
蘸	hitasu
蘺	kusabie
蘼	bi
蘽	fujikazura
蘿	tsuta
虀	aeru
虁	ki
虂	ro
虆	kazura
虈	yoroigusa
虍	torakanmuri
虎	tora
虐	shiitageru
虒	kemono
虓	usobuku
虔	tsutsushimu
處	tokoro
虖	hoeru
虗	munashii
虘	takedakeshii
虙	fuku
虚	munashii
虛	munashii
虜	toriko
虝	toru
虞	osore
號	sakebu
虠	kou
虡	hashiru
虢	tsumeato
虣	shiitagiru
虤	gan
虧	kakeru
虩	osoreru
虫	mushi
虬	mizuchi
虯	mizuchi
虱	shirami
虵	hebi
虶	u
虷	bouhura
虹	niji
虺	mamushi
虻	abu
蚈	hotaru
蚉	ka
蚊	ka
蚋	ka
蚌	dobuga
蚍	ooari
蚑	hau
蚓	mimizu
蚕	kaiko
蚖	imori
蚘	kaichiyuu
蚚	kokuzoumushi
蚜	aburamushi
蚡	moguramochi
蚣	kou
蚤	nomi
蚦	nishikihebi
蚧	kai
蚨	fu
蚩	warau
蚪	tou
蚫	awabi
蚭	ji
蚯	kyuu
蚰	yuu
蚱	saku
蚳	chi
蚴	yuu
蚵	ka
蚶	akagai
蚷	kyo
蚸	reki
蚹	fu
蚿	ken
蛀	kikuimushi
蛁	chou
蛃	hei
蛄	kera
蛅	zen
蛆	uji
蛇	hebi
蛉	rei
蛋	tamago
蛍	hotaru
蛎	kaki
蛑	bou
蛒	sukumomushi
蛔	haranomushi
蛕	kaichiyuu
蛗	fuu
蛙	kaeru
蛚	retsu
蛛	kumo
蛜	i
蛞	namekuji
蛟	mizuchi
蛠	rei
蛣	kitsu
蛤	hamaguri
蛥	niiniizemi
蛧	bou
蛩	koorogi
蛬	kirigirisu
蛭	hiru
蛮	ebisu
蛯	ebi
蛸	tako
蛹	sanagi
蛺	chuu
蛻	nukegara
蛼	ashimatsui
蛽	kai
蛾	ga
蜀	imomushi
蜂	hachi
蜃	oohamaguri
蜄	ugoku
蜅	fu
蜆	shijimi
蜇	sasu
蜈	go
蜉	fu
蜊	asari
蜋	rou
蜍	sho
蜎	bouhura
蜏	kagerou
蜐	kyou
蜑	ama
蜒	en
蜓	ten
蜔	ten
蜕	nukegara
蜖	haranomushi
蜘	kumo
蜙	shou
蜚	aburamushi
蜜	mitsu
蜞	hiru
蜟	iku
蜡	ujimushi
蜣	kyou
蜥	seki
蜨	shou
蜩	semi
蜮	isagomushi
蜯	dobugai
蜱	dani
蜲	uneru
蜴	tokage
蜷	nina
蜹	buyo
蜺	tsukutsukuboushi
蜻	tonbo
蜼	saru
蜽	kodama
蜾	jigabachi
蜿	mimizu
蝀	tou
蝃	niji
蝅	kaiko
蝉	semi
蝋	mitsurou
蝌	ka
蝍	soku
蝎	sukumomushi
蝓	dendenmushi
蝕	mushibamu
蝗	inago
蝘	en
蝙	hen
蝝	inago
蝟	harinezumi
蝠	mamushi
蝡	ugomeku
蝣	yuu
蝤	kikuimushi
蝥	bou
蝦	ebi
蝨	shirami
蝪	tou
蝮	mamushi
蝯	tenagazaru
蝱	abu
蝲	sasori
蝴	ko
蝶	chouchou
蝸	katatsumuri
蝻	nan
蝿	hae
螂	rou
螃	hou
螄	nina
螅	shi
螆	shi
螇	kei
螈	imori
螉	o
螋	shuu
螌	han
融	tooru
螐	o
螓	natsu
螕	dani
螗	natsu
螘	ari
螞	ba
螟	zuimushi
螠	yumushi
螢	hotaru
螣	tou
螧	ebi
螫	sasu
螬	sou
螭	mizuchi
螮	tei
螯	hasami
螱	shiroari
螳	tou
螵	hyou
螺	nina
螻	kera
螽	inago
螾	mimizu
螿	shou
蟀	koorogi
蟁	ka
蟄	kakureru
蟆	gama
蟇	buto
蟈	isagomushi
蟉	ryuu
蟊	nekirimushi
蟋	shitsu
蟎	dani
蟐	kamakiri
蟒	uwabami
蟕	sui
蟖	kemushi
蟙	koumuri
蟚	hou
蟜	kyou
蟟	kumazemi
蟠	warajimushi
蟢	ki
蟣	shirami
蟤	sen
蟪	tsukutsukuboushi
蟫	shimi
蟬	semi
蟭	shou
蟯	gyou
蟱	kumo
蟲	mushi
蟳	gazami
蟶	mate
蟷	tou
蟸	hisago
蟹	kani
蟺	mimizu
蟻	ari
蟾	hikigaeru
蟿	kei
蠁	nishidochi
蠃	katatsumuri
蠅	hae
蠆	tai
蠉	hau
蠊	ren
蠋	kemushi
蠍	sasori
蠎	uwabami
蠏	kani
蠐	sei
蠑	ei
蠒	mayu
蠓	katsuomushi
蠔	kaki
蠕	ugomeku
蠖	kakureru
蠘	setsu
蠙	dobugai
蠚	sasu
蠛	katsuomushi
蠜	inago
蠞	setsu
蠟	mitsurou
蠡	hisago
蠢	ugomeku
蠣	kaki
蠧	kikuimushi
蠨	ashitakagumo
蠭	hachi
蠮	etsu
蠰	kamikirimushi
蠱	sokonau
蠲	yasude
蠵	kei
蠶	kaiko
蠹	kikuimushi
蠺	kaiko
蠻	ebisu
蠼	oozaru
血	chi
衁	chi
衂	hanaji
衃	hai
衄	hanaji
衅	chinuru
衆	ooi
衈	ji
衉	kaku
衊	betsu
衋	itamu
行	iku
衍	habikoru
衎	yorokobu
衑	michi
衒	terau
術	michi
衕	tou
衖	chimata
街	machi
衘	kutsushiyu
衙	yakusho
衚	ko
衛	mamoru
衜	michi
衝	tsuku
衞	mamoru
衟	michi
衠	makoto
衡	hakari
衢	michi
衣	koromo
衤	koromohen
衦	nobasu
表	omote
衩	sai
衫	koromo
衮	ougi
衰	otoroeru
衱	tsukurou
衲	koromo
衵	akome
衷	uchi
衹	tamatama
衻	fuchidoru
衽	eri
衾	fusuma
衿	eri
袀	ikusagoromo
袁	en
袂	tamoto
袈	ka
袋	fukuro
袍	wataire
袒	katanugu
袖	sode
袗	hitoe
袘	migoro
袙	akome
袚	huku
袛	tei
袜	tabi
袞	ougi
袟	saya
袠	chitsu
袢	hadagi
袤	nagasa
袨	haregi
袪	sode
被	koumuru
袮	ne
袰	horo
袱	fukusa
袳	kimonohirogaru
袴	hakama
袵	okumi
袷	awase
袺	tsumadoru
袽	yaburegoromo
袾	migoro
袿	uchikake
裀	migoro
裁	tatsu
裂	saku
裃	kamishimo
裄	yuki
装	yosoou
裈	fundoshi
裊	shinayaka
裋	shitagi
裌	awase
裍	naru
裎	hadaka
裏	ura
裑	migoro
裒	homeru
裓	suso
裔	suso
裕	yutaka
裘	kawagoromo
裙	mosuri
裛	hukuro
補	oginau
裝	yosoou
裞	sei
裟	sa
裡	ura
裧	tareginu
裨	oginau
裪	tau
裯	hadagi
裰	tsukurou
裱	hire
裲	uchikake
裳	mo
裴	tachimotooru
裵	tachimotooru
裷	zukin
裸	hadaka
裹	tsutsumu
裼	hadanugu
製	tatsu
裾	suso
褁	hukuro
褂	uchikake
褄	tsuma
褆	shi
複	kasaneru
褊	semai
褌	fundoshi
褍	migoro
褎	sode
褏	sode
褐	nunoko
褒	homeru
褓	oshime
褕	hanekazari
褖	koromo
褘	hizakake
褙	hadagi
褚	wataire
褜	ena
褝	hitoe
褞	nunoko
褠	hitoe
褥	shitone
褦	higasa
褧	hitoe
褨	sa
褪	nugu
褫	ubau
褰	hakama
褱	idaku
褲	zubon
褵	obi
褶	kasaneru
褸	boro
褹	nunoko
褺	kasanederomo
褻	nareru
褾	sodekuchi
襀	hida
襁	mutsuki
襂	hitoe
襃	homeru
襄	noboru
襅	chihaya
襆	mosuso
襉	susonohida
襌	hitoe
襍	majieru
襏	aranuno
襒	koromo
襕	hitoe
襖	ao
襗	shitabakama
襚	sui
襛	atsui
襜	maekake
襞	hida
襟	eri
襠	machi
襡	nagajuban
襢	hadanugi
襣	hundoshi
襤	boro
襦	hadagi
襪	tabi
襫	seki
襭	tsumabasamu
襮	eri
襯	hadagi
襰	ochiru
襲	osou
襳	shitagi
襴	hitoe
襵	hida
襷	tasuki
襺	wataire
襻	tsukehimo
襼	sode
襽	ran
襾	oou
西	nishi
要	iru
覃	umai
覆	oou
覇	hatagashira
覈	shiraberu
覉	omogai
覊	omogai
見	miru
覌	miru
覍	hen
規	bunmawashi
覐	obooeru
覓	motomeru
覔	motomeru
覕	betsu
視	miru
覗	ukagau
覘	ukagau
覙	meru
覚	oboeru
覛	miru
覜	miru
覟	meru
覠	miru
覡	miko
覥	hajiru
覦	negau
覧	miru
覩	miru
親	shitashii
覬	nozomu
覯	au
覰	ukagau
覲	mamieru
観	miru
覴	mitsumerusama
覵	miru
覶	miru
覷	ukagau
覸	miru
覺	oboeru
覼	meru
覽	miru
覿	au
觀	miru
角	tsuno
觔	suji
觕	arai
觖	kakeru
觗	sakazuki
觘	tsunosaji
觚	sakazuki
觜	kuchibashi
觝	fureru
解	toku
觥	tsunosakazuki
触	fureru
觧	toku
觩	magaru
觫	soku
觭	katamuku
觱	hichiriki
觳	koku
觴	sakazuki
觶	sakazuki
觸	fureru
觹	kujiri
觽	kujiri
觿	kujiri
言	koto
言葉	kotoba
訁	gonben
訂	hakaru
訃	shirase
訄	kyuu
訅	yasunzuru
訇	kou
計	hakaru
訊	tou
訌	momeru
討	utsu
訏	itsuwaru
訐	abaku
訑	shi
訒	nayamu
訓	oshieru
訔	kataru
訕	soshiru
訖	owaru
託	yoru
記	shirusu
記憶	kioku
訛	namari
訝	ibukaru
訞	wazawai
訟	arasou
訠	hagu
訢	yorokobu
訣	wakareru
訤	kon
訥	domoru
訦	makoto
訪	otozureru
訫	makoto
訬	midareru
設	moukeru
訯	shaberu
許	yurusu
訳	wake
訴	uttaeru
訵	hisokaniukagaishiru
訶	shikaru
訷	toku
診	miru
註	toku
証	akashi
訽	nonoshiru
訾	tsutomenai
詀	tan
詁	yomi
詃	izanau
詅	uru
詆	soshiru
詇	satoi
詈	nonoshiru
詉	kamabisushii
詍	shiyabiru
詎	nanzo
詐	itsuwaru
詑	azamuku
詒	azamuku
詓	koe
詔	mikotonori
評	hakaru
詖	katayoru
詗	saguru
詘	tsumaru
詛	norou
詜	midareru
詝	satoi
詞	kotoba
詠	yomu
詡	hokoru
詢	hakaru
詣	itaru
詥	yaharagu
試	kokoromiru
詧	miru
詩	karauta
詫	kakotsu
詬	hazukashime
詭	itsuwaru
詮	nori
詰	tsumeru
話	hanasu
該	kaneru
詳	kuwashii
詵	toru
詶	norou
詷	onaji
詹	sen
詺	nazukeru
詻	iiarasou
詼	tawamureru
詾	utsutaeru
詿	ayamaru
誀	sasou
誂	idomu
誃	wakareru
誄	shinobigo
誅	utsu
誆	itsuwari
誇	hokoru
誉	homare
誋	imashimeru
誌	shirusu
認	mitomeru
誏	atoomeru
誐	yoikotoba
誑	taburakasu
誒	aa
誓	chikau
誕	itsuwaru
誖	midasu
誗	kotobagauruwashii
誘	sasou
誙	arai
誚	semeru
語	kataru
誟	kou
誠	makoto
誡	imashimeru
誣	shiiru
誤	ayamaru
誥	tsugeru
誦	tonaeru
誧	ho
誨	oshieru
誩	arasoiiu
說	toku
説	toku
読	yomu
誮	yasashi
誯	tonaaeru
誰	dare
課	kokoromiru
誳	tsumaru
誶	semeru
誷	shihiru
誹	soshiru
誻	soshiru
誼	yoi
誾	gin
調	totonou
諂	hetsurau
諃	yokuiu
諄	kudokudo
諆	azamuku
談	kataru
諈	kakotsukeru
諉	wazurawasu
諊	shirabiru
請	kou
諌	isameru
諍	isameru
諏	hakaru
諑	utsutae
諒	akirakanisu
諓	yokuiu
諔	itsuwaru
諕	sakebu
論	agetsurau
諗	isameru
諚	jou
諛	hetsurau
諜	ukagau
諝	satoi
諞	hetsurau
諟	tadasu
諠	kamabisushi
諡	okurina
諢	tawamure
諤	iiarasou
諦	tsumabiraka
諧	yawaragu
諫	isameru
諬	satoosu
諭	satosu
諮	hakaru
諰	omou
諱	imu
諳	soranjiru
諴	yawaragu
諵	nan
諶	makoto
諷	soranjiru
諸	moro
諺	kotowaza
諼	utsuwaru
諾	ubenau
諿	yawaragu
謀	hakaru
謁	mamieru
謂	iu
謄	utsusu
謅	moteasobu
謆	madowasu
謇	domoru
謊	itsuwaru
謋	kaku
謌	utau
謎	nazo
謐	shizuka
謑	haji
謔	tawamureru
謖	tatsu
謗	soshiru
謙	herikudaru
謚	okurina
講	kou
謜	gen
謝	ayamaru
謞	kaku
謟	utagau
謠	utai
謡	utai
謦	sekibarai
謨	hakaru
謫	semeru
謬	ayamaru
謭	asai
謰	oshiyabiri
謳	utau
謷	yakamashii
謹	tsutsushimu
謼	yobu
謾	azamuku
譁	kamabisushi
譂	itsuwaru
譃	itsuwaru
譄	shiiru
譅	shuu
譆	aa
譈	uramu
證	akashi
譌	namari
譍	kotaeru
譎	itsuwaru
譏	soshiru
譒	shiku
譓	kashikoi
譔	oshieru
譖	soshiru
識	shiru
譙	shikaru
譚	hanashi
譛	soshiru
譜	shirusu
譞	sakashii
譟	sawagu
譣	tou
警	imashimeru
譫	tawagoto
譬	tatoeru
譭	ki
譯	wake
議	hakaru
譱	yoi
譲	yuzuru
譴	semeru
譶	hayakuchi
護	mamoru
譸	norou
譹	sakebu
譼	kan
譽	homare
譾	asai
讀	yomu
讁	togameru
讃	homeru
讄	inoru
讅	tsumabiraka
讆	negoto
變	kawaru
讋	osoreru
讌	kutsurogu
讍	wameku
讎	mukuiru
讏	negoto
讐	mukuiru
讒	soshiru
讓	yuzuru
讔	nazo
讕	soshiru
讖	shirushi
讙	kamabisushi
讚	homeru
讜	tadashiikotoba
讞	sabaku
讟	uramu
讬	yoru
谷	tani
谸	sen
谹	hukai
谺	kodama
谽	kan
谾	utsuro
谿	tanigawa
豁	hirakeru
豅	rou
豆	mame
豇	sasage
豈	ani
豉	miso
豊	yutaka
豋	takatsuki
豌	en
豎	tatsu
豏	mebaeru
豐	yutaka
豑	chitsu
豓	namamekashii
豔	namamekashii
豕	inoko
豗	utsu
豘	buta
豙	sokonau
豚	buta
豛	inoko
豜	ken
豝	ha
象	kata
豢	yashinau
豣	iinoko
豤	kamu
豦	yamenai
豨	ki
豩	hin
豪	yamaarashi
豫	arakajime
豬	inoshishi
豭	osunoinoko
豳	hin
豵	inoko
豶	fun
豸	tokeru
豹	hyou
豺	yamainu
豻	kan
豼	hi
豾	kodameki
貂	ten
貅	kyuu
貆	mujina
貇	kamu
貉	mujina
貊	ebisu
貋	kan
貌	katachi
貍	tanuki
貎	gei
貐	kemono
貒	mami
貓	neko
貔	hi
貘	baku
貙	kemono
貛	mamidameki
貜	oozaru
貝	kai
貞	tadashii
負	ou
財	takara
貢	mitsugu
貤	kasaneru
貧	mazushii
貨	takara
販	akinau
貪	musaboru
貫	tsuranuku
責	semeru
貭	moto
貮	futatsu
貯	takuwaeru
貰	morau
貲	takara
貳	futatsu
貴	toutoi
貶	otosu
買	kau
貸	kasu
貹	takara
貺	tamau
費	tsuiyasu
貼	haru
貽	okuru
貿	kaeru
賀	yorokobu
賁	kazaru
賂	mainau
賃	yatou
賄	makanau
賅	tariru
賆	masu
資	moto
賈	akinau
賉	ureeru
賊	sokonau
賋	akiruka
賍	kakusu
賎	iyashi
賏	kubikazari
賑	nigiwau
賒	sha
賓	maroudo
賔	maroudo
賕	mainai
賖	tooi
賙	ataeru
賚	tamau
賛	tasukeru
賜	tamawaru
賝	takara
賞	homeru
賠	tsugunau
賡	tsugu
賢	kashikoi
賣	uru
賤	iyashii
賦	mitsugi
賨	mitsugi
質	moto
賬	tobari
賭	kakeru
賯	takara
賰	tomu
賲	tamotsu
賴	tanomu
賵	okuru
賷	motarasu
賸	masu
賺	sukasu
賻	tasukeru
購	aganau
賽	mukuimatsuru
賾	okubukai
賿	zeni
贁	yabureru
贃	sukasu
贄	nie
贅	ibo
贇	in
贈	okuru
贉	tetsuke
贊	tasukeru
贋	nise
贍	sukuu
贏	amari
贐	hanamuke
贒	kashikoi
贓	kakusu
贔	ikaru
贖	aganau
贗	tadashikunai
贛	tamau
贜	kakusu
赑	ikaru
赟	in
赤	aka
赥	aka
赦	yurusu
赧	akarameru
赩	aka
赫	akai
赬	aka
赭	akatsuchi
赮	aka
走	hashiru
赱	hashiru
赳	hataraki
赴	omomuku
起	okiru
赿	chi
趁	ou
趂	chin
趄	sho
超	koeru
趈	tan
越	koeru
趍	hisashii
趐	susumu
趑	shi
趕	ou
趙	oyobu
趞	fumu
趟	odoru
趠	tooi
趣	omomuki
趦	yukinayamu
趨	hashiru
趫	subayai
趬	migarui
趯	sakebu
趲	chiru
足	ashi
趵	utsu
趷	kotsu
趹	hashiru
趺	ashi
趻	hurahurasuru
趼	tsumadatsu
趾	ashi
跀	ashikiku
跂	mutsuyubi
跅	yurumu
跆	fumu
跇	koeru
跈	fumu
跊	fumu
跋	fumu
跌	tsumazuku
跎	tsumazuku
跏	ka
跑	agaku
跔	kagamu
跕	fumu
跖	ashinoura
跗	ashinokou
跙	yukinayamu
跚	yoromeku
跛	chinba
距	kezume
跟	kubisu
跡	ato
跣	hadashi
跤	sune
跥	yuku
跧	keru
跨	matagu
跪	hizamazu
跫	ashioto
跬	hitoashi
路	ji
跰	shitagau
跱	todomaru
跲	tsumazuku
跳	haneru
跴	ou
践	fumu
跺	yuku
跼	hizamazu
跽	hizamazuku
跿	to
踁	sune
踄	fumu
踅	kenken
踆	shirizoku
踈	tooru
踉	odoru
踊	odoru
踋	ashi
踏	fumu
踐	fumu
踑	ashiato
踔	taku
踖	fumu
踝	kurubushi
踞	uzukumaru
踟	chi
踠	mogaku
踡	kagamu
踢	keru
踣	taoreru
踦	kataashi
踧	ikiyasui
踪	ato
踰	koeru
踱	hadashi
踳	somuku
踴	odoru
踵	tsugu
踶	fumu
踷	nanameniyuku
踸	hurajurasuru
踹	kakato
踽	ku
蹀	humu
蹁	yoromeku
蹂	fumu
蹄	hizume
蹇	ashinae
蹈	fumu
蹉	tsumazuku
蹊	komichi
蹋	humu
蹌	ugoku
蹍	humu
蹎	tsumazuku
蹏	hizume
蹐	nukiashi
蹔	totsushinsuru
蹕	sakibarai
蹙	semaru
蹛	humu
蹜	shuku
蹝	humu
蹞	hitoashi
蹟	ato
蹠	ashinoura
蹡	you
蹢	tatazumu
蹣	yoromeku
蹤	ato
蹩	humu
蹬	yoromeku
蹭	yoromeku
蹯	ashinoura
蹰	tamerau
蹱	tamerau
蹲	tsukubau
蹴	keru
蹶	tsumazuku
蹹	humu
蹺	migarui
蹻	kyou
蹼	mizukaki
躁	sawagu
躂	tsumazuku
躃	izari
躄	izari
躅	fumu
躇	tamerau
躉	hashike
躊	tamerau
躋	noboru
躍	odoru
躐	humu
躑	tachimotooru
躒	ugoku
躓	tsumazuku
躔	fumu
躕	tamerau
躗	humu
躙	fumu
躚	mau
躛	humu
躝	koeru
躞	yuku
躡	fumu
躢	fumu
躧	kutsu
躩	susumanai
躪	fumu
身	mi
躬	mi
躭	hukeru
躮	segare
躯	karada
躰	karada
躱	kawasu
躲	kawasu
躳	mi
躵	nerau
躺	husu
躻	utsuke
躾	shitsuke
軀	karada
軁	semushi
軃	ta
軄	shoku
軅	yagate
軆	karada
軇	takai
軈	yagate
車	kuruma
軋	kishiru
軌	wadachi
軍	tsuwamono
軏	kusabi
軐	sen
軑	tei
軒	noki
軔	hadome
軖	tsumugikuruma
軛	kubiki
軜	tazuna
軟	yawaraka
軠	jin
転	korobu
軣	todoroku
軨	tesori
軫	yokogi
軭	todokooru
軮	ou
軰	yakai
軱	oobone
軷	hatsu
軸	shingi
軹	ana
軺	you
軻	ka
軼	sugiru
軽	karui
軾	shikimi
軿	atsumaru
輀	hitsugiguruma
輂	kyoku
較	kuraberu
輅	mikuruma
輇	sen
輈	chuu
載	noseru
輊	hikui
輌	narabu
輏	karui
輐	marui
輒	wakigi
輓	hiku
輔	tasukeru
輕	karui
輖	shuu
輗	kusabi
輘	hikitsubusu
輙	wakigi
輛	narabu
輜	horoguruma
輝	kagayaku
輞	wa
輟	yameru
輠	aburatsubo
輡	kan
輣	ikusagurumu
輥	mawaru
輦	teguruma
輧	atsumaru
輨	ooi
輩	tomogara
輪	wa
輬	neguruma
輭	neguruma
輮	oowa
輯	atsumeru
輳	atsumaru
輴	chun
輵	katsu
輶	karui
輷	todoroku
輸	okuru
輹	tokoshibari
輺	horoguruma
輻	ya
輾	meguru
輿	koshi
轀	on
轁	tsutsumu
轂	koshiki
轃	shin
轄	kusabi
轅	nagae
轆	nagaeshiha
轇	tookunagai
轉	korobu
轌	sori
轍	wadachi
轎	kago
轏	san
轑	tawameru
轒	fun
轓	han
轔	hibiki
轕	kashimashii
轗	kan
轘	kurumazaki
轜	hitsugigu
轝	koshi
轞	hibiki
轟	todoroki
轡	tazuna
轢	kishiru
轣	kishiru
轤	kurumagi
轥	fuminijiru
辛	karai
辜	tsumi
辝	yameru
辞	yameru
辟	kimi
辠	tsumi
辡	utsutaheru
辣	karai
辤	yameru
辥	tsumi
辦	tsutomeru
辧	kanmuri
辨	wakeru
辭	yameru
辮	amu
辯	wakeru
辰	tatsu
辱	hazukashime
農	kusagiru
辵	shinnyou
辶	shinnyou
辷	suberu
辸	yuku
边	atari
辺	atari
辻	tsuji
込	komu
达	nameraka
辿	tadoru
迀	motomeru
迁	utsuru
迂	sakeru
迄	oyobu
迅	hayai
迆	naname
迊	meguru
迋	yuku
迍	chun
迎	mukaeru
运	hashiru
近	chikai
迒	ashiato
迓	mukaeru
返	kaesu
迕	deau
迚	totemo
迠	yuku
迢	haruka
迣	saegiru
迤	naname
迥	haruka
迦	kuraberu
迨	itaru
迩	chikai
迪	michi
迫	semaru
迬	yuku
迭	kawaru
迮	tatsu
迯	nigeru
述	noberu
迱	yuku
迴	meguru
迵	tooru
迶	yuku
迷	mayou
迸	hashiru
迹	ato
迺	sunawachi
迻	utsuru
追	ou
迾	saegiru
退	shirizoku
送	okuru
适	hayai
逃	nigeru
逄	husagu
逅	au
逆	sakarau
逈	haruka
逋	nogareru
逌	yuruyaka
逍	samayou
逎	semaru
透	suku
逐	ou
逑	atsumeru
逓	tagaini
途	michi
逕	komichi
逖	tooi
逗	todomaru
逘	susumu
這	hau
通	tooru
逛	hashiru
逝	yuku
逞	takumashii
速	hayai
造	tsukuru
逡	shirizoku
逢	au
連	tsuranaru
逥	mawasu
逧	sako
逨	kitaru
逩	hashiru
逪	majiru
逬	hashiru
逭	nogareru
逮	oyobu
逯	ryoku
逰	asobu
週	meguru
進	susumu
逳	meguru
逴	tooi
逵	ouji
逶	i
逷	tooi
逸	hashiru
逹	tooru
逺	tooi
逼	semaru
逾	koeru
逿	sugiru
遁	nogareru
遂	togeru
遃	yuku
遄	shibashiba
遅	osoi
遇	au
遉	ukagau
遊	asobu
運	hakobu
遌	deau
遍	amaneshi
過	sugiru
過去	kako
遏	todomeru
遐	tooi
遑	itoma
遒	semaru
道	michi
達	tooru
違	chigau
遖	appare
遘	au
遙	haruka
遛	ryuu
遜	yuzuru
遝	irimajiru
遞	tagaini
遟	osoi
遠	tooi
遡	sakanoboru
遢	tou
遣	tsukawasu
遥	haruka
遦	yuku
遧	akiraka
遨	asobu
適	yuku
遬	sumiyaka
遭	au
遮	saegiru
遯	nogareru
遰	saru
遲	osoi
遴	yuonayamu
遵	shitagau
遶	meguru
遷	utsuru
選	erabu
遹	katayoru
遺	nokosu
遼	haruka
遽	niwaka
避	sakeru
邀	mukaeru
邁	yuku
邂	au
邃	okubukai
還	kaeru
邅	yuonayamu
邇	chikai
邈	tooi
邉	atari
邊	atari
邋	kujiku
邌	omomuro
邎	yuu
邏	meguru
邐	tsuzuku
邑	kuni
邕	you
邗	kan
邘	u
邙	bou
邛	kyou
邠	hin
邡	hakaru
邢	kei
那	nanzo
邥	shin
邦	kuni
邨	mura
邪	ya
邯	kan
邰	tai
邱	oka
邲	hitsu
邳	hi
邴	hei
邵	shou
邶	hai
邸	yashiki
邽	kei
邾	chu
郁	akiraka
郃	au
郄	keki
郅	itaru
郇	shun
郈	kou
郊	matsuru
郌	kei
郎	otoko
郒	otoko
郕	sei
郗	chi
郘	ryo
郙	fu
郛	kuruwa
郜	kou
郝	kaku
郞	otoko
郟	kou
郡	koori
郢	ei
郤	aogu
郥	hai
部	wakeru
郫	hi
郭	kuruwa
郯	tan
郰	shuu
郴	chin
郵	shukuba
郶	bu
郷	sato
都	miyako
郾	en
郿	bi
鄀	jaku
鄂	kagiri
鄄	ken
鄅	gu
鄆	un
鄈	ki
鄉	sato
鄍	mei
鄐	chiku
鄒	suu
鄔	o
鄕	sato
鄖	un
鄗	kou
鄘	you
鄙	hina
鄚	baku
鄜	fu
鄞	gin
鄠	ko
鄢	en
鄣	shou
鄥	kyou
鄧	tou
鄩	shin
鄭	kasaneru
鄮	bou
鄯	sen
鄰	tonari
鄱	ha
鄲	tan
鄴	gyou
鄶	kai
鄷	hou
鄹	shuu
鄺	kou
鄼	atsumaru
鄽	tana
酃	rei
酆	fuu
酇	atsumaru
酈	ri
酉	tori
酊	you
酋	osa
酌	kumu
配	kubaru
酎	kamosu
酏	kibisake
酒	sake
酓	nigai
酔	you
酖	fukeru
酗	ku
酘	tou
酙	kumu
酚	huenooru
酛	sakenomoto
酡	akaramu
酢	su
酣	takenawa
酤	hitoyozake
酥	chichizake
酦	kamosu
酧	mukuiru
酩	you
酪	chichizake
酫	shihozuke
酬	mukuiru
酭	mukuiru
酱	hishio
酲	waruyoi
酳	susugu
酴	sakenomoto
酵	moto
酶	sakenomoto
酷	kibishii
酸	sui
酹	sosogu
酺	utage
酻	toishireru
醁	umazake
醂	awasu
醃	en
醅	doburoku
醆	sakazuki
醇	moppara
醉	you
醊	matsuru
醋	su
醍	tei
醎	seishiyu
醐	ko
醑	umazake
醒	sameru
醓	hishio
醔	furuzake
醕	koi
醖	kamosu
醗	kamosu
醘	sakazuki
醜	minikui
醞	kamosu
醡	sa
醢	shiokara
醤	hishio
醦	su
醨	usuzake
醪	nigoriza
醫	iyasu
醬	hishio
醭	kabi
醮	matsuru
醯	su
醰	tan
醱	kamosu
醲	jou
醳	eki
醴	amazake
醵	sakamori
醶	su
醸	kamosu
醺	you
醻	mukuiru
醼	sakamori
醽	rei
醿	bi
釀	kamosu
釁	chinuru
釂	nomihosu
釃	kosu
釅	su
釆	wakatsu
采	toru
釈	toku
釉	uwagusuri
釋	toku
里	sato
重	omoi
野	no
量	hakaru
釐	osameru
金	kane
釓	ishiyumi
釔	itoryuumu
釖	tou
釗	kezuru
釘	kugi
釙	aragane
釚	ishiyumi
釛	kane
釜	kama
針	hari
釞	surudoi
釟	kitaeru
釡	kama
釣	tsuri
釤	oogama
釥	yoikane
釦	botan
釧	udewa
釩	harau
釪	u
釬	kote
釭	karimo
釮	sorudoi
釯	hokosaki
釰	nibui
釱	ashikase
釵	kanzashi
釶	hoko
釷	toryuumu
釹	jo
釻	ishiyumi
釼	tsurugi
釽	kanagaki
釿	tatsu
鈀	ikusaguruma
鈁	sakatsubo
鈄	tou
鈅	getsu
鈆	namari
鈇	ono
鈉	kitaeru
鈊	kane
鈌	sasu
鈍	nibui
鈎	kagi
鈐	suki
鈑	itagane
鈒	teboko
鈓	nureru
鈔	hasamitoru
鈕	tsumami
鈖	fun
鈘	kama
鈜	kou
鈝	kine
鈞	hitoshii
鈣	karushiumu
鈤	gerumanyuumu
鈥	ka
鈦	chitanyuumu
鈨	habaki
鈩	irori
鈬	suzu
鈮	itomakinoashi
鈯	nibui
鈰	ken
鈳	a
鈴	suzu
鈵	katai
鈶	taryuumu
鈷	tatsu
鈸	suzu
鈹	oohari
鈺	takara
鈼	kama
鈾	uranyuumu
鈿	kanzashi
鉀	yoroi
鉂	kanawa
鉃	yajiri
鉄	kurogane
鉅	hagane
鉆	kanabasami
鉇	hoko
鉈	hoko
鉉	tsuru
鉊	ookama
鉋	kanna
鉍	bisumasu
鉎	sabi
鉏	suki
鉐	seki
鉑	burachina
鉗	kubikase
鉘	kazaru
鉙	kogane
鉚	yoikane
鉛	namari
鉜	kazari
鉝	ryuu
鉞	masakari
鉠	ei
鉡	suki
鉢	hachi
鉤	kagi
鉥	nagaibari
鉦	kane
鉧	kera
鉨	itomaonoashi
鉩	tadashii
鉮	shin
鉯	i
鉰	shi
鉱	aragane
鉵	suki
鉶	kanae
鉷	kou
鉸	hasami
鉹	koshiki
鉻	moru
鉼	ooban
鉽	kanaenotsukimono
鉾	hoko
鉿	ochikomuoto
銀	shirogane
銃	tsutsu
銅	akagane
銈	tei
銉	hari
銊	nokogirinooto
銍	kama
銎	kyou
銑	zuku
銒	sakeine
銓	hakari
銕	kurogane
銖	nibui
銗	kubikase
銘	shirusu
銙	kai
銚	nabe
銛	suki
銜	kutsuwa
銟	sa
銠	mutenyuumu
銤	osumiumu
銥	irijuumu
銧	rajuumu
銨	an
銫	seshuumu
銭	zeni
銯	kasugai
銲	kote
銳	surudoi
銶	nomi
銷	tokeru
銸	hasami
銹	sabi
銺	sou
銻	tei
銼	kama
銽	tatsu
銿	tsurigane
鋀	toryuumu
鋁	yasuri
鋂	kusari
鋃	rou
鋅	kohai
鋆	kane
鋇	atsugane
鋈	shirogane
鋋	teboko
鋌	jigane
鋍	akikoboreru
鋎	yaiba
鋏	tsurugi
鋐	utsuwa
鋒	hokosaki
鋓	surudoi
鋕	kizamu
鋗	kobachi
鋘	suki
鋙	kuichigau
鋜	ashikase
鋝	retsu
鋟	kizamu
鋠	kurogane
鋡	ireru
鋣	ya
鋤	kuwa
鋥	migaku
鋧	ken
鋨	kurogane
鋩	hokosaki
鋪	shiku
鋬	himo
鋭	surudoi
鋮	sei
鋰	richuumu
鋲	byou
鋳	iru
鋸	nokogiri
鋹	surudoi
鋺	kanamari
鋻	tsuruginoha
鋼	hagane
鋿	migaku
錀	usagiami
錂	ryou
錄	shirusu
錆	kuwashii
錈	magaru
錍	ono
錏	shikoro
錐	kiri
錑	kanna
錔	tsutsumu
錕	karimo
錘	tsumu
錙	wazuka
錚	dora
錜	kangishi
錝	sou
錞	shun
錟	tan
錠	joumae
錡	nokogiri
錢	zeni
錣	shikoro
錤	suki
錥	nabe
錦	nishiki
錧	kusabi
錨	ikari
錩	kanagu
錪	kama
錫	suzu
錬	neru
錮	fusagu
錯	majiru
録	shirusu
錳	mangan
錴	rojuumu
錵	nie
錶	hyou
錷	kadorinyuumu
錺	kazari
錻	bu
鍄	kei
鍇	tetsu
鍈	ei
鍉	utsuwa
鍊	neru
鍋	nabe
鍍	mekki
鍐	sou
鍑	kama
鍒	namagane
鍔	tsuba
鍕	kun
鍖	dai
鍗	kama
鍘	satsu
鍚	omogai
鍛	kitaeru
鍜	kitaeru
鍞	kou
鍠	masakari
鍤	suki
鍥	kama
鍧	kou
鍩	toru
鍪	kama
鍬	suki
鍭	ya
鍮	chuu
鍯	oonomi
鍰	mekata
鍱	itagane
鍳	kagami
鍴	kiri
鍵	kagi
鍶	seryuumu
鍺	makigane
鍼	hari
鍽	kane
鍾	sakazuki
鍿	shi
鎀	aragane
鎁	ya
鎂	maguneshiumu
鎈	sa
鎊	kezuru
鎋	kusabi
鎌	kama
鎍	harigane
鎏	utsukushiigane
鎐	sakazuki
鎒	suki
鎔	igata
鎕	tou
鎖	kusari
鎗	yari
鎘	kanaenotsukimono
鎚	tsuchi
鎛	kanekazari
鎞	kanzashi
鎡	kanae
鎣	migaku
鎤	kanenone
鎦	koshiki
鎧	yoroi
鎨	mebaeru
鎩	mebaeru
鎫	ban
鎬	nabe
鎭	shizumeru
鎮	shizumeru
鎰	kagi
鎴	sutoronshuumu
鎵	garyuumu
鎶	koromubyuumu
鎹	kasugai
鎺	habaki
鏁	kusari
鏃	yajiri
鏄	tetsunokatamari
鏅	kitaheru
鏆	ugatsu
鏇	rokuro
鏈	kusari
鏉	surudoi
鏊	yakinabe
鏋	kogane
鏌	baku
鏍	ra
鏐	ryuu
鏑	yajiri
鏓	oonome
鏖	minagoroshi
鏗	utsu
鏘	shou
鏙	majiru
鏛	migaku
鏜	tou
鏝	kote
鏞	tsurigane
鏟	itagane
鏡	kagami
鏢	kojiri
鏤	chiribameru
鏥	shuu
鏦	hoko
鏧	rou
鏨	tagane
鏷	aragane
鏸	surudoi
鏹	zeni
鏺	kama
鏻	tsuyoi
鏽	sabi
鐁	kanna
鐂	koshiki
鐃	dora
鐄	kou
鐇	chouna
鐈	takaashinonabe
鐉	sen
鐍	obidome
鐎	nabe
鐏	ishizuki
鐐	shirogane
鐓	ishizuki
鐔	tsuba
鐕	san
鐖	sakabari
鐗	hoko
鐘	kane
鐙	takatsuki
鐚	shikoro
鐟	chitanyuumu
鐡	kurogane
鐫	nomi
鐮	kama
鐯	kuha
鐱	suki
鐲	hurigane
鐳	kame
鐴	karasukinomimi
鐵	kurogane
鐶	wa
鐸	suzu
鐺	nabe
鐻	kanekake
鐽	tatsu
鐿	ichirubyuumu
鑁	ban
鑃	nabe
鑄	iru
鑅	kou
鑈	gei
鑊	kama
鑌	hagane
鑑	kagami
鑒	kagami
鑓	yari
鑕	kanatoko
鑙	katai
鑚	kiri
鑛	aragane
鑜	kareii
鑞	suzu
鑟	inbako
鑠	tokasu
鑡	ohoban
鑢	yasuri
鑣	kutsuwa
鑨	utsuwa
鑪	irori
鑫	kin
鑭	rantaniumu
鑮	oogane
鑯	kizamu
鑰	kagi
鑱	surudoi
鑲	igata
鑵	tsurube
鑷	kenuki
鑼	dora
鑽	kiri
鑾	suzu
鑿	nomi
钁	kuwa
钃	suki
钄	ran
铇	kanna
铓	hokosaki
铔	shikoro
铦	suki
锺	sakazuki
锽	masakari
镠	ryuu
镮	wa
镴	rou
長	nagai
镸	nagaai
镹	nagai
镾	wataru
門	kado
閂	kannuki
閃	hirameku
閄	koku
閇	tozasu
閈	sato
閉	tojiru
閊	tsukaeru
開	hiraku
閌	kou
閍	hou
閎	kou
閏	uruu
閑	shikiri
間	aida
閔	awaremu
閖	yuru
閘	hinokuchi
閙	sawagashii
閝	kirimado
閞	hashiranomasugata
閟	tojiru
閠	tama
閡	shimeru
関	seki
閣	kannuki
閤	kugurido
閥	iegara
閦	ooi
閧	kou
閨	neya
閩	ben
閫	shikimi
閬	rou
閭	mura
閱	kemisuru
閲	kemisuru
閴	shizuka
閶	shou
閹	shimobe
閺	ben
閻	chimata
閼	fusagu
閽	monban
閾	shikii
閿	miru
闃	shizuka
闆	miru
闇	tojiru
闈	i
闉	in
闊	hiroi
闋	tojiru
闌	tesuri
闍	utena
闐	sakan
闑	shikimi
闒	mura
闓	hiraku
闔	tobira
闕	kakeru
闖	ukagau
闗	seki
闘	tatakau
闙	hiraku
闚	ukagau
關	seki
闝	oboreru
闞	nozomu
闟	ochitsuku
闠	kai
闡	hiraku
闢	hiraku
闤	kaki
闥	tsuiji
闦	gon
阇	utena
阜	oka
阝	kozatohen
阞	roku
阡	aze
阢	gotsu
阤	saka
阥	kage
阦	hi
阨	fusagaru
阪	saka
阬	ana
阮	gen
阯	ato
阱	ana
防	fusegu
阳	hi
阷	nomu
阸	fusagaru
阺	ori
阻	habamu
阼	kizahashi
阽	kuzurekakaru
阿	kuma
陀	kewashii
陁	naname
陂	tsutsumi
附	tsuku
陋	semai
陌	michi
降	oriru
陏	ochiru
限	kagiru
陒	yaburetakaki
陔	gai
陖	kizahashi
陗	kehashikutakai
陘	tani
陛	kizahashi
陜	semai
陝	sen
陞	noboru
陟	noboru
陡	sobadatsu
院	in
陣	jindate
除	nozoku
陥	ochiiru
陦	tou
陪	shitagau
陬	sumi
陮	takai
陰	kage
陲	hotori
陳	tsuraneru
陴	himegaki
陵	misasagi
陶	sue
陷	ochiiru
陸	oka
険	kewashii
陻	husagu
陼	shima
陽	hi
陾	ooi
陿	semai
隁	tsutsumi
隂	kage
隃	koeru
隄	tsutsumi
隅	sumi
隆	nakadaka
隈	kuma
隉	ayaui
隊	kumi
隋	ochiru
隍	hori
階	kizahashi
随	shitagau
隐	kakureru
隑	nagai
隔	hedateru
隕	ochiru
隖	tsutsumi
隗	kewashii
隘	semai
隙	suki
隚	ishizue
際	kiwa
障	sawaru
隝	shima
隟	suki
隠	kakureru
隣	tonari
隤	ochiru
隥	kida
隦	himegaki
隧	michi
隨	shitagau
隩	kuma
險	kewashii
隮	noboru
隯	shima
隰	sawa
隱	kakureru
隲	noboru
隳	kuzureru
隴	une
隶	oyobu
隷	shimobe
隸	shimobe
隹	tori
隺	agaru
隻	hitotsu
隼	hayabusa
雀	suzume
雁	kari
雄	osu
雅	miyabiyaka
集	atsumaru
雇	yatou
雈	mimizuku
雉	kiji
雊	kou
雋	sugureru
雌	mesu
雍	yawaragu
雎	misago
雑	majiru
雒	mimizuku
雕	washi
雖	iedomo
雘	shinshiya
雙	futa
雚	kounotori
雛	hina
雜	majiru
雝	yawaragu
雞	niwatori
雟	tsubame
離	hanareru
難	katai
雨	ame
雩	amagoi
雪	yuki
雫	shizuku
雯	bun
雰	kiri
雱	hou
雲	kumo
零	ochiru
雷	kaminari
雹	hyou
雺	kiri
電	inazuma
需	nureru
霂	boku
霃	kumoru
霄	sora
霅	yakamashii
霆	ikazuchi
震	furuu
霈	hai
霉	tsuyu
霊	tama
霍	niwaka
霎	kosame
霏	moya
霑	uruou
霓	niji
霖	nagaame
霙	mizore
霚	kiri
霛	tama
霜	shimo
霝	rei
霞	kasumi
霡	kosame
霢	kosame
霣	ame
霤	amadare
霧	kiri
霨	i
霪	in
霰	arare
霱	medetaikumo
露	tsuyu
霳	ryuu
霸	hatagashira
霹	hatameku
霽	hareru
霾	tsuchifuru
靁	kaminari
靂	reki
靃	haoto
靄	moya
靆	tai
靈	tama
靉	ai
靊	fuu
靎	tsuru
靏	tsuru
靑	ao
青	ao
靕	tadashii
靖	yasui
靗	ukagafu
静	shizuka
靚	sei
靛	ai
靜	shizuka
非	soreru
靠	tagau
靡	nabiku
面	omo
靣	omo
靤	nikibi
靦	ten
靧	kai
靨	ekubo
革	kawa
靪	oginau
靫	utsubo
靭	shinayaka
靮	tazuna
靱	shinayaka
靳	munagai
靴	kutsu
靶	tazuna
靷	hikizuna
靸	kutsu
靹	ketsu
靺	matsu
靻	omogai
靼	nameshigawa
靽	kizuna
靿	kawagushi
鞀	huritsuzumi
鞁	hikizuna
鞄	kaban
鞅	munagai
鞆	tomo
鞉	huritsuzumi
鞋	waraji
鞍	kura
鞏	katai
鞐	kohaze
鞕	katai
鞖	sai
鞗	tazuna
鞘	saya
鞙	ken
鞚	omogai
鞜	kutsu
鞞	saya
鞟	kaku
鞠	mari
鞢	shou
鞣	nameshigawa
鞦	shirigai
鞨	kawagutsu
鞫	kiwameru
鞬	yumibukuro
鞭	muchi
鞮	kawagushi
鞱	tsutsumu
鞲	yugote
鞳	tou
鞴	utsubo
鞵	waraji
鞶	han
鞸	hizakake
鞹	kaku
鞺	tou
鞼	tazuna
鞾	kutsu
鞿	kutsubami
韁	tazuna
韃	muchiutsu
韄	katanosageo
韅	ken
韆	toru
韇	yazutsu
韈	tabi
韉	shitagura
韊	yazutsu
韋	nameshigawa
韌	shinayaka
韍	hizakake
韎	akanezomenokawa
韐	kawa
韑	hikari
韓	igeta
韔	yumibukuro
韗	kutsu
韘	yugake
韙	tadashii
韛	fuigau
韜	yubukuro
韝	yugote
韞	kakiiro
韠	hizakake
韡	sakan
韤	tabi
韭	nira
韮	nira
韯	yamanira
韱	yamanira
韲	namasu
音	oto
韴	togireru
韵	hibiki
韶	tsugu
韷	kamabisushii
韸	yawaragu
韺	ei
韻	hibiki
響	hibiku
頁	kashira
頂	itadaki
頃	koro
項	unaji
順	sunao
頇	ookii
須	hige
頉	otogai
頊	tadashii
頌	homeru
頍	atamawoageru
頎	katachigayoi
頏	nodo
預	azukeru
頑	katakuna
頒	wakeru
頓	nukazuku
頔	utsukushii
頖	wakatsu
頗	katayoru
領	unaji
頙	tadashii
頚	kubi
頜	ago
頞	hanasuji
頠	shitoyaka
頡	ookii
頣	ukagaimiru
頤	otogai
頥	ago
頦	ago
頫	utsumuku
頬	hoo
頭	atama
頮	kaowoarau
頯	hoobone
頰	hoo
頲	tei
頳	akai
頴	hosaki
頵	ookii
頷	ago
頸	kubi
頹	kuzureru
頻	shikirini
頼	tanomu
頽	kuzureru
頾	hige
顄	otogai
顆	tsubu
顇	yatsureru
顊	otogai
顋	ago
題	hitai
額	hitai
顎	ago
顏	kao
顑	kiiroi
顒	ookii
顓	uyauyashii
顔	kao
顕	akiraka
顖	hiyomeki
顗	uyauyashii
願	negau
顙	hitai
顚	itadaki
顛	itadaki
類	tagui
顢	ookinakao
顣	mayuwohisomeru
顥	shiroi
顦	yatsureru
顧	kaerimiru
顪	hoo
顫	furueru
顬	komekami
顯	akiraka
顰	shikameru
顱	kashira
顳	shou
顴	shiroi
颕	hosaki
風	kaze
颪	oroshi
颫	fu
颭	soyogu
颮	tsumujikaze
颯	hishigu
颰	hayate
颱	tai
颳	katsu
颴	tsumujikaze
颶	tsumujikase
颷	tsumujikaze
颸	suzushiikaze
颺	ageru
颻	you
颿	hashiru
飂	fuku
飃	tsumujikase
飄	tsumujikase
飅	fuku
飆	tsumujikaze
飇	tsumujikaze
飈	tsumujikaze
飌	kaze
飛	tobu
飜	hirugaeru
食	kuu
飡	nomu
飢	ueru
飣	takuwaeru
飥	mochi
飦	kayu
飧	banmeshi
飩	mushimochi
飪	niru
飫	akiru
飭	katameru
飮	nomu
飯	meshi
飰	kurau
飲	nomu
飳	konamochi
飴	ame
飶	kaori
飼	kau
飽	akiru
飾	kazaru
餁	niru
餂	umai
餃	ame
餅	mochi
餇	kuimono
餈	mochi
餉	kareii
養	yashinau
餌	mochi
餐	tabemono
餑	nagai
餒	ueru
餓	ueru
餔	yuumeshi
餕	tabenokoshi
餖	tou
餗	kayu
餘	amaru
餚	sonaeru
餛	kon
餜	mochi
餝	kazaru
餞	hanamuke
餟	matsuru
餠	mochi
餡	an
餢	hou
餤	susumu
餦	ame
餧	ueru
館	yakata
餫	okuru
餬	kayu
餮	tetsu
餱	hoshiii
餲	kusaru
餳	ame
餴	musu
餵	ueru
餹	ame
餺	haku
餻	konamochi
餼	okurimono
餽	okuru
餾	musu
饀	konamochi
饁	okuru
饂	udon
饅	man
饆	mochi
饇	aku
饈	susumeru
饉	ueru
饊	okoshi
饋	okuru
饌	sonaeru
饍	susumeru
饎	shi
饐	sueru
饑	ueru
饒	yutaka
饔	niru
饕	musaboru
饗	motenasu
饘	kayu
饙	musu
饛	yamamori
饜	aku
饞	musaboru
饟	kareii
饠	mochi
馓	okoshi
首	kubi
馗	hoobone
馘	mimikiru
香	kaori
馛	nioi
馝	kaori
馟	koubashii
馥	kaoru
馦	kou
馨	kaoru
馬	uma
馭	tsukau
馮	yoru
馰	teki
馱	noseru
馲	raba
馳	haseru
馴	nareru
馵	shu
馹	hayauma
馺	oitsuku
馼	bun
馽	tsunagu
馿	usagiuma
駁	madara
駃	raba
駄	noseru
駅	umaya
駆	kakeru
駈	kakeru
駉	maki
駐	todomaru
駑	nibui
駒	koma
駓	shirakage
駔	uma
駕	noru
駘	nugu
駙	soeuma
駚	you
駛	haseru
駜	koeru
駝	semushi
駞	semushi
駟	shi
駡	ba
駢	narabu
駧	hashiru
駪	ooi
駫	takumashii
駬	shunme
駭	odoroku
駮	madara
駰	doroashige
駱	kawarage
駲	shuu
駴	odoroku
駵	kurige
駸	shin
駹	bou
駻	arauma
駽	ken
駾	hashiru
駿	sugureru
騁	haseru
騂	akauma
騃	oroka
騄	ryoku
騅	ashige
騈	narabu
騋	rai
騌	tategami
騎	noru
騏	kuromidori
騐	shirushi
騑	soeuma
騒	sawagu
験	shirushi
騖	haseru
騗	kataru
騙	kataru
騞	kaku
騠	tei
騢	tsukige
騣	tategami
騤	susumu
騧	ka
騨	madarauma
騫	kakeru
騭	osuuma
騮	kurige
騰	noboru
騳	hashiru
騵	gen
騶	umakai
騷	sawagu
騸	sen
騺	omoi
騾	raba
驀	noru
驁	ogoru
驂	soeuma
驃	shirakage
驄	ashige
驅	kakeru
驇	omoi
驊	akakurige
驋	hashiru
驌	shuku
驍	takeshi
驎	madarauma
驑	kurige
驒	madarauma
驔	kurokurige
驕	ogoru
驖	kurokurige
驗	akashi
驚	odoroku
驛	umaya
驝	raba
驟	haseru
驢	usagiuma
驤	agaru
驥	ki
驩	yorokobu
驪	kurokoma
驫	hyuu
骉	hyuu
骎	shin
骔	sou
骨	hone
骪	magaru
骫	magaru
骬	u
骭	hagi
骮	kobone
骯	kou
骰	sai
骲	yajiri
骴	hone
骵	karada
骶	shiri
骸	mukuro
骹	hagi
骻	matagura
骼	hone
骾	kou
骿	hen
髀	momo
髁	momo
髃	gu
髄	zui
髆	kaigarabone
髈	momo
髎	koshibone
髏	rou
髐	kaburaya
髑	toku
髒	kitanai
髓	zui
體	karada
髕	hin
髖	koshibone
髗	atama
高	takai
髙	takai
髛	akiraka
髜	takai
髞	isogu
髟	hyou
髠	soru
髢	kamoji
髣	sanagara
髤	urushi
髥	oohige
髦	taregami
髧	tan
髩	bin
髪	kami
髫	unai
髬	hi
髭	hige
髮	kami
髯	hige
髱	tabo
髲	kamoji
髳	taregami
髴	samonitari
髵	agohige
髷	mage
髹	urushi
髺	tabaneru
髻	motodori
髽	kukurigami
髿	sa
鬀	soru
鬁	ri
鬂	bin
鬃	tategami
鬄	kamoji
鬅	hou
鬆	su
鬈	uruwashii
鬉	tategami
鬋	sen
鬌	ochiru
鬍	ko
鬎	ratsu
鬐	tategami
鬒	ooi
鬖	san
鬘	katsura
鬙	midareru
鬚	hige
鬛	tategami
鬜	hageru
鬟	wage
鬠	tabaneru
鬢	bin
鬣	tategami
鬥	tatakau
鬦	tatakau
鬧	sawagashii
鬨	toki
鬩	semegu
鬪	tatakau
鬫	hoeru
鬬	tatakau
鬭	tatakau
鬮	kuji
鬯	nobiru
鬰	shigeru
鬱	shigeru
鬲	kanae
鬳	koshiki
鬴	kama
鬵	oogama
鬶	kama
鬷	atsumaru
鬹	kama
鬺	niru
鬻	kayu
鬼	oni
鬽	bakemono
魁	kashira
魂	tamashii
魃	hideri
魄	tamashii
魅	mononoke
魈	sudama
魋	tai
魌	minikui
魍	bou
魎	kodama
魏	takai
魑	sudama
魔	mamono
魕	oni
魖	kyo
魗	nikumu
魘	osowareru
魚	uo
魛	tachiuo
魜	jin
魞	eri
魡	tsuru
魣	tanago
魥	kogame
魦	same
魨	fugu
魩	hachi
魪	karei
魫	sakanonoko
魬	karei
魭	aoumigame
魮	hi
魯	oroka
魲	ro
魳	buri
魴	oshikiuo
魵	ebi
魷	yuu
魸	namazu
魹	todo
魿	uneru
鮀	namazu
鮃	hirame
鮄	saba
鮅	masu
鮆	etsu
鮇	iwana
鮉	tai
鮊	migoi
鮋	haya
鮍	kawahagi
鮎	ayu
鮏	namagusai
鮐	fugu
鮑	awabi
鮒	funa
鮓	sushi
鮔	kyo
鮖	kajika
鮗	konoshiro
鮚	hamaguri
鮝	fuka
鮞	harago
鮟	an
鮠	haya
鮦	katsuo
鮧	oonamazu
鮨	sushi
鮩	nigoi
鮪	maguro
鮫	same
鮬	tanago
鮭	fugu
鮮	azayaka
鮰	kai
鮱	bora
鮲	mate
鮴	gori
鮷	namazu
鮸	nibe
鮹	tako
鮻	same
鮼	shin
鮾	dai
鮿	hoshiuo
鯀	kon
鯁	kou
鯆	iruka
鯇	kan
鯈	haya
鯉	koi
鯊	haze
鯋	haze
鯎	ugui
鯏	asari
鯐	subashiri
鯑	kazunoko
鯒	kochi
鯔	bora
鯖	saba
鯗	fuka
鯘	kusaru
鯛	tai
鯝	harawata
鯟	kado
鯡	nishin
鯢	sanshouuo
鯣	surume
鯤	harago
鯥	mutsu
鯧	managatsuo
鯨	kujira
鯪	senzankou
鯫	migoi
鯯	konoshiro
鯰	namazu
鯱	shachi
鯲	dojou
鯳	sukesou
鯵	aji
鯷	namazu
鯸	fugu
鯹	namagusai
鯺	fugu
鯽	funa
鯿	oshikiuo
鰀	amenouo
鰁	sen
鰂	ika
鰃	wai
鰄	i
鰆	sawara
鰈	karei
鰉	higai
鰊	nishin
鰋	namazu
鰌	dojou
鰍	dojou
鰏	hyoku
鰐	wani
鰑	unagi
鰒	awabi
鰓	era
鰔	tara
鰕	ebi
鰖	ta
鰘	muroaji
鰙	wakasagi
鰚	haraka
鰛	iwashi
鰜	nishin
鰞	ika
鰡	ryuu
鰢	umiebi
鰣	konoshiro
鰤	buri
鰥	yamoo
鰦	haya
鰧	okoze
鰨	karei
鰩	ei
鰪	managatsuo
鰭	hire
鰮	iwashi
鰯	iwashi
鰰	hatahata
鰱	tanago
鰲	oogame
鰵	ishimochi
鰶	konoshiro
鰷	haya
鰹	katsuo
鰺	aji
鰻	unagi
鰽	konoshiro
鰾	ukibukuro
鱁	same
鱂	shou
鱃	dojou
鱄	sen
鱅	konoshiro
鱆	tako
鱇	kou
鱈	tara
鱉	suppon
鱊	itsu
鱎	migoi
鱏	kajiki
鱐	hoshiuo
鱒	masu
鱓	umihebi
鱔	umihebi
鱖	sake
鱗	uroko
鱘	chouzame
鱚	kisu
鱛	eso
鱜	kyou
鱝	fun
鱞	yamoo
鱟	kabutogani
鱠	namasu
鱣	koi
鱤	tara
鱧	hamo
鱨	gigi
鱩	hatahata
鱪	shiira
鱫	mutsu
鱮	tanago
鱰	shiira
鱲	karasumi
鱵	sayori
鱶	himono
鱷	wani
鱸	suzuki
鱻	atarashii
鲉	hae
鲊	sushi
鲌	migoi
鲏	kawahagi
鲙	namasu
鲬	kochi
鲹	aji
鲾	hyaku
鳁	iwashi
鳥	tori
鳦	tsubame
鳧	kamo
鳩	hato
鳫	kari
鳬	kamo
鳮	niwatori
鳯	ootori
鳰	nio
鳲	yobukodori
鳳	ootori
鳴	naku
鳶	tobi
鳷	shi
鳹	tsuibamu
鴂	sasagi
鴃	mozu
鴆	chin
鴇	nogan
鴈	kari
鴉	karasu
鴋	mizogoisagi
鴎	kamome
鴑	do
鴒	rei
鴕	ta
鴗	kawasemi
鴘	wakataka
鴛	en
鴜	hahadori
鴝	hahatsuchou
鴞	fukurou
鴟	tobi
鴣	shako
鴦	oshidori
鴨	kamo
鴪	itsu
鴫	shigi
鴬	uguisu
鴯	ji
鴰	manazuru
鴲	shime
鴳	uzura
鴴	suzume
鴺	tei
鴻	ootori
鴼	sagi
鴽	uzura
鴾	toki
鴿	hato
鵁	kou
鵂	mimizuku
鵃	chuu
鵄	tobi
鵅	raku
鵆	chidori
鵇	toki
鵈	ten
鵊	hototogisu
鵐	funashiuzu
鵑	ken
鵓	hotsu
鵔	shun
鵙	mozu
鵜	u
鵝	ga
鵞	ga
鵟	yotaka
鵠	kugui
鵡	bu
鵢	shin
鵣	rai
鵤	ikaruga
鵥	kakesu
鵧	mozu
鵩	mimizuku
鵪	uzura
鵫	kiji
鵬	ootori
鵯	hyo
鵰	washi
鵲	kasasagi
鵶	karasu
鵷	en
鵺	nue
鵻	kobato
鵼	nue
鵾	shamo
鶃	geki
鶄	goisagi
鶆	rai
鶇	tsugumi
鶉	uzura
鶊	kou
鶍	isuka
鶎	kikuitadaki
鶏	niwatori
鶒	oshidori
鶓	byou
鶕	funashiuzura
鶖	u
鶗	hototogisu
鶘	ko
鶚	misago
鶡	yamadori
鶤	kon
鶩	ahiru
鶪	mozu
鶫	tsugumi
鶬	manazuru
鶮	tsuru
鶯	uguisu
鶱	tobu
鶲	hitaki
鶴	tsuru
鶵	hina
鶸	hiwa
鶹	mimizuku
鶺	seki
鶻	hayabusa
鶼	tsuibamu
鶿	u
鷁	geki
鷂	hashitaka
鷃	uzura
鷄	niwatori
鷆	kasui
鷇	hina
鷉	tei
鷊	geki
鷏	kasui
鷓	sha
鷔	tobiuo
鷕	naku
鷖	kamome
鷗	kamome
鷙	aradori
鷚	hibari
鷞	taka
鷟	ootori
鷠	gyo
鷥	shirasagi
鷦	sazaki
鷧	u
鷩	hetsu
鷫	shuku
鷭	ban
鷮	ooyamadori
鷯	ryou
鷰	tsubame
鷲	washi
鷳	tobi
鷴	tobi
鷸	shigi
鷹	taka
鷺	sagi
鷽	uso
鷾	i
鸂	oshidori
鸇	hayabusa
鸊	kobato
鸎	you
鸐	yamadori
鸑	gaku
鸒	yo
鸕	atama
鸖	tsuru
鸙	hibari
鸚	ou
鸛	kounotori
鸜	hahatsuchou
鸝	ri
鸞	ran
鸰	rei
鸴	uso
鹀	funashiuzu
鹟	hitaki
鹡	seki
鹢	geki
鹵	shio
鹶	nigai
鹸	aku
鹹	shiokarai
鹺	shio
鹻	shioke
鹼	aku
鹽	shio
鹿	shika
麀	mejika
麁	arai
麂	ki
麃	ooshika
麄	hanareru
麅	ooshika
麇	noro
麈	oujika
麋	nareshika
麌	ojika
麎	shin
麏	kin
麑	kanoko
麒	ki
麓	fumoto
麕	noro
麖	ooshika
麗	uruwashii
麘	kyou
麛	bei
麝	sha
麞	noro
麟	rin
麤	hanareru
麥	mugi
麦	mugi
麨	mugikogashi
麩	fusuma
麪	mugiko
麬	fusuma
麭	konamochi
麮	mugigayu
麯	kouji
麰	bou
麳	komugi
麴	kouji
麵	mugiko
麸	fusuma
麹	kouji
麺	mugiko
麻	asa
麼	komakai
麾	sashizuba
麿	maro
黃	ki
黄	ki
黆	takeshi
黈	kiiro
黋	kou
黌	manabeya
黍	kibi
黎	kuroi
黏	nebaru
黐	mochi
黑	kuroi
黒	kuro
黔	kuroi
黕	aka
默	damaru
黙	damaru
黛	mayuzumi
黜	shirizokeru
黝	aoguro
點	bochi
黟	kokutan
黠	satoi
黡	hokuro
黤	aoguroi
黥	irezumi
黧	kuroi
黨	nakama
黬	kuroi
黭	aoguroi
黮	kuroi
黯	kuroi
黰	kurokami
黱	mayuzumi
黲	usuaoguroi
黴	kabi
黵	hagareru
黶	hokuro
黷	kegasu
黸	kuroi
黹	nuu
黻	aya
黼	aya
黽	tsutomeru
黿	aoumigame
鼂	umigame
鼃	kaeru
鼅	kumo
鼇	oogame
鼈	suppon
鼉	wani
鼎	kanae
鼏	beki
鼐	kanae
鼑	kanae
鼒	kanae
鼓	tsuzumi
鼔	tsuzumi
鼕	tou
鼖	ootsuzumi
鼗	furitsuzumi
鼙	tsutsumi
鼚	chou
鼛	ootsuzumi
鼟	tou
鼠	nezumi
鼡	nezumi
鼢	moguramochi
鼦	ten
鼪	itachi
鼫	musasabi
鼬	itachi
鼯	musasabi
鼱	sei
鼲	kon
鼴	mogura
鼷	hatsukanezumi
鼹	mogura
鼺	musasabi
鼻	hana
鼼	kagibana
鼽	tsumaru
鼾	ibiki
鼿	aomukibana
齁	kagibana
齃	neiki
齄	hananowaki
齅	kagu
齆	hanazumari
齇	akabana
齊	sorou
齋	monoimi
齎	motarasu
齏	namasu
齒	ha
齓	kakeba
齔	osanai
齕	kamu
齖	ga
齗	haguki
齘	kai
齚	kamu
齝	niregamu
齞	gen
齟	kamu
齠	misoppa
齡	yowai
齢	yowai
齣	kugiri
齦	haguki
齧	kamu
齨	usuba
齩	kamu
齪	semaru
齬	kuichigau
齭	itamu
齮	kamu
齯	gei
齰	kamu
齱	semaru
齲	mushiba
齳	gun
齵	gou
齶	haguki
齷	akusekusuru
齺	shuu
齽	magariba
龍	tatsu
龏	tsutsushimu
龐	takadono
龑	en
龒	tatsu
龔	sonaeru
龕	zushi
龖	osoreru
龗	kami
龘	tou
龜	kame
龝	aki
龞	suppon
龠	fue
龡	fuku
龢	yawaragu
龣	kaku
龤	kai
龥	yobu
兀	takai
嗀	hakusama
塚	tsuka
﨑	saki
晴	hareru
凞	yawaragu
猪	inoshishi
益	masu
礼	nori
神	kami
祥	saiwai
福	saiwai
靖	yasui
精	shirageyone
羽	ha
蘒	hagi
諸	moro
逸	hashiru
都	miyako
飯	meshi
飼	kau
館	yakata
鶴	tsuru
𠯮	shina
𡱖	tsubi
𢅥	ju
𢈘	shika
𢊍	kuriya
𢫦	utsu
𣏾	maruta
𣟬	tesuri
𣟱	keyaki
𣠽	tsuka
𥔎	saki
𥔵	jishaku
𥡴	todomeru
𦒷	bou
𦦙	ageru
𧗗	hanaji
𧗷	michi
𧰧	shuu
𨻶	sukasu
𩂳	tama
𩵋	uo
𪀒	tobi
𪉩	shio
